Year,"breakthrough AC technology with high growth, no ReFuelEU, no H2 AC - gen. 0","breakthrough AC technology with high growth, no ReFuelEU, no H2 AC - gen. 1","breakthrough AC technology with high growth, no ReFuelEU, no H2 AC - gen. 2","breakthrough AC technology with high growth, no ReFuelEU, no H2 AC - gen. 2 (H2)","breakthrough AC technology with high growth, no ReFuelEU, no H2 AC - gen. 3","breakthrough AC technology with high growth, no ReFuelEU, no H2 AC - gen. 3 (H2)","breakthrough AC technology with high growth, ReFuelEU extended, no H2 AC - gen. 0","breakthrough AC technology with high growth, ReFuelEU extended, no H2 AC - gen. 1","breakthrough AC technology with high growth, ReFuelEU extended, no H2 AC - gen. 2","breakthrough AC technology with high growth, ReFuelEU extended, no H2 AC - gen. 2 (H2)","breakthrough AC technology with high growth, ReFuelEU extended, no H2 AC - gen. 3","breakthrough AC technology with high growth, ReFuelEU extended, no H2 AC - gen. 3 (H2)","breakthrough AC technology with high growth, ReFuelEU extended, with H2 AC - gen. 0","breakthrough AC technology with high growth, ReFuelEU extended, with H2 AC - gen. 1","breakthrough AC technology with high growth, ReFuelEU extended, with H2 AC - gen. 2","breakthrough AC technology with high growth, ReFuelEU extended, with H2 AC - gen. 2 (H2)","breakthrough AC technology with high growth, ReFuelEU extended, with H2 AC - gen. 3","breakthrough AC technology with high growth, ReFuelEU extended, with H2 AC - gen. 3 (H2)","optimistic AC technology with low growth, no ReFuelEU, no H2 AC - gen. 0","optimistic AC technology with low growth, no ReFuelEU, no H2 AC - gen. 1","optimistic AC technology with low growth, no ReFuelEU, no H2 AC - gen. 2","optimistic AC technology with low growth, no ReFuelEU, no H2 AC - gen. 2 (H2)","optimistic AC technology with low growth, no ReFuelEU, no H2 AC - gen. 3","optimistic AC technology with low growth, no ReFuelEU, no H2 AC - gen. 3 (H2)","optimistic AC technology with low growth, ReFuelEU extended, no H2 AC - gen. 0","optimistic AC technology with low growth, ReFuelEU extended, no H2 AC - gen. 1","optimistic AC technology with low growth, ReFuelEU extended, no H2 AC - gen. 2","optimistic AC technology with low growth, ReFuelEU extended, no H2 AC - gen. 2 (H2)","optimistic AC technology with low growth, ReFuelEU extended, no H2 AC - gen. 3","optimistic AC technology with low growth, ReFuelEU extended, no H2 AC - gen. 3 (H2)","optimistic AC technology with low growth, ReFuelEU extended, with H2 AC - gen. 0","optimistic AC technology with low growth, ReFuelEU extended, with H2 AC - gen. 1","optimistic AC technology with low growth, ReFuelEU extended, with H2 AC - gen. 2","optimistic AC technology with low growth, ReFuelEU extended, with H2 AC - gen. 2 (H2)","optimistic AC technology with low growth, ReFuelEU extended, with H2 AC - gen. 3","optimistic AC technology with low growth, ReFuelEU extended, with H2 AC - gen. 3 (H2)","business-as-usual AC technology with degrowth, no ReFuelEU, no H2 AC - gen. 0","business-as-usual AC technology with degrowth, no ReFuelEU, no H2 AC - gen. 1","business-as-usual AC technology with degrowth, no ReFuelEU, no H2 AC - gen. 2","business-as-usual AC technology with degrowth, no ReFuelEU, no H2 AC - gen. 2 (H2)","business-as-usual AC technology with degrowth, no ReFuelEU, no H2 AC - gen. 3","business-as-usual AC technology with degrowth, no ReFuelEU, no H2 AC - gen. 3 (H2)","business-as-usual AC technology with degrowth, ReFuelEU extended, no H2 AC - gen. 0","business-as-usual AC technology with degrowth, ReFuelEU extended, no H2 AC - gen. 1","business-as-usual AC technology with degrowth, ReFuelEU extended, no H2 AC - gen. 2","business-as-usual AC technology with degrowth, ReFuelEU extended, no H2 AC - gen. 2 (H2)","business-as-usual AC technology with degrowth, ReFuelEU extended, no H2 AC - gen. 3","business-as-usual AC technology with degrowth, ReFuelEU extended, no H2 AC - gen. 3 (H2)","business-as-usual AC technology with degrowth, ReFuelEU extended, with H2 AC - gen. 0","business-as-usual AC technology with degrowth, ReFuelEU extended, with H2 AC - gen. 1","business-as-usual AC technology with degrowth, ReFuelEU extended, with H2 AC - gen. 2","business-as-usual AC technology with degrowth, ReFuelEU extended, with H2 AC - gen. 2 (H2)","business-as-usual AC technology with degrowth, ReFuelEU extended, with H2 AC - gen. 3","business-as-usual AC technology with degrowth, ReFuelEU extended, with H2 AC - gen. 3 (H2)","breakthrough AC technology with high growth, no ReFuelEU, no H2 AC - gen. 0 relative share","breakthrough AC technology with high growth, no ReFuelEU, no H2 AC - gen. 1 relative share","breakthrough AC technology with high growth, no ReFuelEU, no H2 AC - gen. 2 relative share","breakthrough AC technology with high growth, no ReFuelEU, no H2 AC - gen. 2 (H2) relative share","breakthrough AC technology with high growth, no ReFuelEU, no H2 AC - gen. 3 relative share","breakthrough AC technology with high growth, no ReFuelEU, no H2 AC - gen. 3 (H2) relative share","breakthrough AC technology with high growth, ReFuelEU extended, no H2 AC - gen. 0 relative share","breakthrough AC technology with high growth, ReFuelEU extended, no H2 AC - gen. 1 relative share","breakthrough AC technology with high growth, ReFuelEU extended, no H2 AC - gen. 2 relative share","breakthrough AC technology with high growth, ReFuelEU extended, no H2 AC - gen. 2 (H2) relative share","breakthrough AC technology with high growth, ReFuelEU extended, no H2 AC - gen. 3 relative share","breakthrough AC technology with high growth, ReFuelEU extended, no H2 AC - gen. 3 (H2) relative share","breakthrough AC technology with high growth, ReFuelEU extended, with H2 AC - gen. 0 relative share","breakthrough AC technology with high growth, ReFuelEU extended, with H2 AC - gen. 1 relative share","breakthrough AC technology with high growth, ReFuelEU extended, with H2 AC - gen. 2 relative share","breakthrough AC technology with high growth, ReFuelEU extended, with H2 AC - gen. 2 (H2) relative share","breakthrough AC technology with high growth, ReFuelEU extended, with H2 AC - gen. 3 relative share","breakthrough AC technology with high growth, ReFuelEU extended, with H2 AC - gen. 3 (H2) relative share","optimistic AC technology with low growth, no ReFuelEU, no H2 AC - gen. 0 relative share","optimistic AC technology with low growth, no ReFuelEU, no H2 AC - gen. 1 relative share","optimistic AC technology with low growth, no ReFuelEU, no H2 AC - gen. 2 relative share","optimistic AC technology with low growth, no ReFuelEU, no H2 AC - gen. 2 (H2) relative share","optimistic AC technology with low growth, no ReFuelEU, no H2 AC - gen. 3 relative share","optimistic AC technology with low growth, no ReFuelEU, no H2 AC - gen. 3 (H2) relative share","optimistic AC technology with low growth, ReFuelEU extended, no H2 AC - gen. 0 relative share","optimistic AC technology with low growth, ReFuelEU extended, no H2 AC - gen. 1 relative share","optimistic AC technology with low growth, ReFuelEU extended, no H2 AC - gen. 2 relative share","optimistic AC technology with low growth, ReFuelEU extended, no H2 AC - gen. 2 (H2) relative share","optimistic AC technology with low growth, ReFuelEU extended, no H2 AC - gen. 3 relative share","optimistic AC technology with low growth, ReFuelEU extended, no H2 AC - gen. 3 (H2) relative share","optimistic AC technology with low growth, ReFuelEU extended, with H2 AC - gen. 0 relative share","optimistic AC technology with low growth, ReFuelEU extended, with H2 AC - gen. 1 relative share","optimistic AC technology with low growth, ReFuelEU extended, with H2 AC - gen. 2 relative share","optimistic AC technology with low growth, ReFuelEU extended, with H2 AC - gen. 2 (H2) relative share","optimistic AC technology with low growth, ReFuelEU extended, with H2 AC - gen. 3 relative share","optimistic AC technology with low growth, ReFuelEU extended, with H2 AC - gen. 3 (H2) relative share","business-as-usual AC technology with degrowth, no ReFuelEU, no H2 AC - gen. 0 relative share","business-as-usual AC technology with degrowth, no ReFuelEU, no H2 AC - gen. 1 relative share","business-as-usual AC technology with degrowth, no ReFuelEU, no H2 AC - gen. 2 relative share","business-as-usual AC technology with degrowth, no ReFuelEU, no H2 AC - gen. 2 (H2) relative share","business-as-usual AC technology with degrowth, no ReFuelEU, no H2 AC - gen. 3 relative share","business-as-usual AC technology with degrowth, no ReFuelEU, no H2 AC - gen. 3 (H2) relative share","business-as-usual AC technology with degrowth, ReFuelEU extended, no H2 AC - gen. 0 relative share","business-as-usual AC technology with degrowth, ReFuelEU extended, no H2 AC - gen. 1 relative share","business-as-usual AC technology with degrowth, ReFuelEU extended, no H2 AC - gen. 2 relative share","business-as-usual AC technology with degrowth, ReFuelEU extended, no H2 AC - gen. 2 (H2) relative share","business-as-usual AC technology with degrowth, ReFuelEU extended, no H2 AC - gen. 3 relative share","business-as-usual AC technology with degrowth, ReFuelEU extended, no H2 AC - gen. 3 (H2) relative share","business-as-usual AC technology with degrowth, ReFuelEU extended, with H2 AC - gen. 0 relative share","business-as-usual AC technology with degrowth, ReFuelEU extended, with H2 AC - gen. 1 relative share","business-as-usual AC technology with degrowth, ReFuelEU extended, with H2 AC - gen. 2 relative share","business-as-usual AC technology with degrowth, ReFuelEU extended, with H2 AC - gen. 2 (H2) relative share","business-as-usual AC technology with degrowth, ReFuelEU extended, with H2 AC - gen. 3 relative share","business-as-usual AC technology with degrowth, ReFuelEU extended, with H2 AC - gen. 3 (H2) relative share"
2024,0.9255712858765227,0.5810761392731778,0.0,0.0,0.0,0.0,0.9255712858765227,0.5810761392731778,0.0,0.0,0.0,0.0,0.9255712858765227,0.5810761392731778,0.0,0.0,0.0,0.0,0.9255712858765227,0.5810761392731778,0.0,0.0,0.0,0.0,0.9255712858765227,0.5810761392731778,0.0,0.0,0.0,0.0,0.9255712858765227,0.5810761392731778,0.0,0.0,0.0,0.0,0.9255712858765227,0.5810761392731778,0.0,0.0,0.0,0.0,0.9255712858765227,0.5810761392731778,0.0,0.0,0.0,0.0,0.9255712858765227,0.5810761392731778,0.0,0.0,0.0,0.0,61.43250706345965,38.567492936540354,0.0,0.0,0.0,0.0,61.43250706345965,38.567492936540354,0.0,0.0,0.0,0.0,61.43250706345965,38.567492936540354,0.0,0.0,0.0,0.0,61.43250706345965,38.567492936540354,0.0,0.0,0.0,0.0,61.43250706345965,38.567492936540354,0.0,0.0,0.0,0.0,61.43250706345965,38.567492936540354,0.0,0.0,0.0,0.0,61.43250706345965,38.567492936540354,0.0,0.0,0.0,0.0,61.43250706345965,38.567492936540354,0.0,0.0,0.0,0.0,61.43250706345965,38.567492936540354,0.0,0.0,0.0,0.0
2025,0.8575242114908115,0.7760878843175716,0.0,0.0,0.0,0.0,0.8575242114908115,0.7760878843175716,0.0,0.0,0.0,0.0,0.8575242114908115,0.7760878843175716,0.0,0.0,0.0,0.0,0.8575242114908115,0.6660518364133804,0.0,0.0,0.0,0.0,0.8575242114908115,0.6660518364133804,0.0,0.0,0.0,0.0,0.8575242114908115,0.6660518364133804,0.0,0.0,0.0,0.0,0.8575242114908115,0.6021078113725528,0.0,0.0,0.0,0.0,0.8575242114908115,0.6021078113725528,0.0,0.0,0.0,0.0,0.8575242114908115,0.6021078113725528,0.0,0.0,0.0,0.0,52.492523389799636,47.507476610200364,0.0,0.0,0.0,0.0,52.492523389799636,47.507476610200364,0.0,0.0,0.0,0.0,52.492523389799636,47.507476610200364,0.0,0.0,0.0,0.0,56.283650079062916,43.71634992093707,0.0,0.0,0.0,0.0,56.283650079062916,43.71634992093707,0.0,0.0,0.0,0.0,56.283650079062916,43.71634992093707,0.0,0.0,0.0,0.0,58.749342166980135,41.25065783301988,0.0,0.0,0.0,0.0,58.749342166980135,41.25065783301988,0.0,0.0,0.0,0.0,58.749342166980135,41.25065783301988,0.0,0.0,0.0,0.0
2026,0.7894771371051003,0.9287780724757381,0.0,0.0,0.0,0.0,0.7894771371051003,0.9287780724757381,0.0,0.0,0.0,0.0,0.7894771371051003,0.9287780724757381,0.0,0.0,0.0,0.0,0.7894771371051003,0.759491844930828,0.0,0.0,0.0,0.0,0.7894771371051003,0.759491844930828,0.0,0.0,0.0,0.0,0.7894771371051003,0.759491844930828,0.0,0.0,0.0,0.0,0.7894771371051003,0.6231394834719276,0.0,0.0,0.0,0.0,0.7894771371051003,0.6231394834719276,0.0,0.0,0.0,0.0,0.7894771371051003,0.6231394834719276,0.0,0.0,0.0,0.0,45.94644222249675,54.05355777750326,0.0,0.0,0.0,0.0,45.94644222249675,54.05355777750326,0.0,0.0,0.0,0.0,45.94644222249675,54.05355777750326,0.0,0.0,0.0,0.0,50.96791131785158,49.03208868214842,0.0,0.0,0.0,0.0,50.96791131785158,49.03208868214842,0.0,0.0,0.0,0.0,50.96791131785158,49.03208868214842,0.0,0.0,0.0,0.0,55.887572438629064,44.11242756137094,0.0,0.0,0.0,0.0,55.887572438629064,44.11242756137094,0.0,0.0,0.0,0.0,55.887572438629064,44.11242756137094,0.0,0.0,0.0,0.0
2027,0.7214300627193889,1.0645396378794139,0.0,0.0,0.0,0.0,0.7214300627193889,1.0645396378794139,0.0,0.0,0.0,0.0,0.7214300627193889,1.0645396378794139,0.0,0.0,0.0,0.0,0.7214300627193889,0.8360032306937848,0.0,0.0,0.0,0.0,0.7214300627193889,0.8360032306937848,0.0,0.0,0.0,0.0,0.7214300627193889,0.8360032306937848,0.0,0.0,0.0,0.0,0.7214300627193889,0.6441711555713028,0.0,0.0,0.0,0.0,0.7214300627193889,0.6441711555713028,0.0,0.0,0.0,0.0,0.7214300627193889,0.6441711555713028,0.0,0.0,0.0,0.0,40.39430582039027,59.605694179609735,0.0,0.0,0.0,0.0,40.39430582039027,59.605694179609735,0.0,0.0,0.0,0.0,40.39430582039027,59.605694179609735,0.0,0.0,0.0,0.0,46.321731130991026,53.678268869008974,0.0,0.0,0.0,0.0,46.321731130991026,53.678268869008974,0.0,0.0,0.0,0.0,46.321731130991026,53.678268869008974,0.0,0.0,0.0,0.0,52.82875066722591,47.171249332774096,0.0,0.0,0.0,0.0,52.82875066722591,47.171249332774096,0.0,0.0,0.0,0.0,52.82875066722591,47.171249332774096,0.0,0.0,0.0,0.0
2028,0.6533829883336776,1.2087655146603344,0.0,0.0,0.0,0.0,0.6533829883336776,1.2087655146603344,0.0,0.0,0.0,0.0,0.6533829883336776,1.2087655146603344,0.0,0.0,0.0,0.0,0.6533829883336776,0.920978927833987,0.0,0.0,0.0,0.0,0.6533829883336776,0.920978927833987,0.0,0.0,0.0,0.0,0.6533829883336776,0.920978927833987,0.0,0.0,0.0,0.0,0.6533829883336776,0.6652028276706775,0.0,0.0,0.0,0.0,0.6533829883336776,0.6652028276706775,0.0,0.0,0.0,0.0,0.6533829883336776,0.6652028276706775,0.0,0.0,0.0,0.0,35.087587659262994,64.912412340737,0.0,0.0,0.0,0.0,35.087587659262994,64.912412340737,0.0,0.0,0.0,0.0,35.087587659262994,64.912412340737,0.0,0.0,0.0,0.0,41.50144776902076,58.49855223097925,0.0,0.0,0.0,0.0,41.50144776902076,58.49855223097925,0.0,0.0,0.0,0.0,41.50144776902076,58.49855223097925,0.0,0.0,0.0,0.0,49.55179863177897,50.448201368221035,0.0,0.0,0.0,0.0,49.55179863177897,50.448201368221035,0.0,0.0,0.0,0.0,49.55179863177897,50.448201368221035,0.0,0.0,0.0,0.0
2029,0.5853359139479661,1.3360627686867645,0.0,0.0,0.0,0.0,0.5853359139479661,1.3360627686867645,0.0,0.0,0.0,0.0,0.5853359139479661,1.3360627686867645,0.0,0.0,0.0,0.0,0.5853359139479661,0.9974903135969441,0.0,0.0,0.0,0.0,0.5853359139479661,0.9974903135969441,0.0,0.0,0.0,0.0,0.5853359139479661,0.9974903135969441,0.0,0.0,0.0,0.0,0.5853359139479661,0.6862344997700524,0.0,0.0,0.0,0.0,0.5853359139479661,0.6862344997700524,0.0,0.0,0.0,0.0,0.5853359139479661,0.6862344997700524,0.0,0.0,0.0,0.0,30.464053048340826,69.53594695165918,0.0,0.0,0.0,0.0,30.464053048340826,69.53594695165918,0.0,0.0,0.0,0.0,30.464053048340826,69.53594695165918,0.0,0.0,0.0,0.0,36.98042803194314,63.01957196805685,0.0,0.0,0.0,0.0,36.98042803194314,63.01957196805685,0.0,0.0,0.0,0.0,36.98042803194314,63.01957196805685,0.0,0.0,0.0,0.0,46.032520702999726,53.96747929700027,0.0,0.0,0.0,0.0,46.032520702999726,53.96747929700027,0.0,0.0,0.0,0.0,46.032520702999726,53.96747929700027,0.0,0.0,0.0,0.0
2030,0.5172888395622548,1.47182433409044,0.0,0.0,0.0,0.0,0.5172888395622548,1.47182433409044,0.0,0.0,0.0,0.0,0.5172888395622548,1.47182433409044,0.0,0.0,0.0,0.0,0.5172888395622548,1.0655373879826553,0.0,0.0,0.0,0.0,0.5172888395622548,1.0655373879826553,0.0,0.0,0.0,0.0,0.5172888395622548,1.0655373879826553,0.0,0.0,0.0,0.0,0.5172888395622548,0.7072661718694272,0.0,0.0,0.0,0.0,0.5172888395622548,0.7072661718694272,0.0,0.0,0.0,0.0,0.5172888395622548,0.7072661718694272,0.0,0.0,0.0,0.0,26.006003399612243,73.99399660038776,0.0,0.0,0.0,0.0,26.006003399612243,73.99399660038776,0.0,0.0,0.0,0.0,26.006003399612243,73.99399660038776,0.0,0.0,0.0,0.0,32.68134117063571,67.31865882936428,0.0,0.0,0.0,0.0,32.68134117063571,67.31865882936428,0.0,0.0,0.0,0.0,32.68134117063571,67.31865882936428,0.0,0.0,0.0,0.0,42.243005396504756,57.75699460349525,0.0,0.0,0.0,0.0,42.243005396504756,57.75699460349525,0.0,0.0,0.0,0.0,42.243005396504756,57.75699460349525,0.0,0.0,0.0,0.0
2031,0.4492417651765436,1.5991215881168699,0.0,0.0,0.0,0.0,0.4492417651765436,1.5991215881168699,0.0,0.0,0.0,0.0,0.4492417651765436,1.5991215881168699,0.0,0.0,0.0,0.0,0.4492417651765436,1.142048773745612,0.0,0.0,0.0,0.0,0.4492417651765436,1.142048773745612,0.0,0.0,0.0,0.0,0.4492417651765436,1.142048773745612,0.0,0.0,0.0,0.0,0.4492417651765436,0.7282978439688024,0.0,0.0,0.0,0.0,0.4492417651765436,0.7282978439688024,0.0,0.0,0.0,0.0,0.4492417651765436,0.7282978439688024,0.0,0.0,0.0,0.0,21.931741966299125,78.06825803370087,0.0,0.0,0.0,0.0,21.931741966299125,78.06825803370087,0.0,0.0,0.0,0.0,21.931741966299125,78.06825803370087,0.0,0.0,0.0,0.0,28.231284871512706,71.76871512848729,0.0,0.0,0.0,0.0,28.231284871512706,71.76871512848729,0.0,0.0,0.0,0.0,28.231284871512706,71.76871512848729,0.0,0.0,0.0,0.0,38.15088356158156,61.84911643841843,0.0,0.0,0.0,0.0,38.15088356158156,61.84911643841843,0.0,0.0,0.0,0.0,38.15088356158156,61.84911643841843,0.0,0.0,0.0,0.0
2032,0.3811946907908322,1.7122326562750363,0.0,0.0,0.0,0.0,0.3811946907908322,1.7122326562750363,0.0,0.0,0.0,0.0,0.3811946907908322,1.7122326562750363,0.0,0.0,0.0,0.0,0.3811946907908322,1.2212348819037784,0.0,0.0,0.0,0.0,0.3811946907908322,1.2212348819037784,0.0,0.0,0.0,0.0,0.3811946907908322,1.2212348819037784,0.0,0.0,0.0,0.0,0.3811946907908322,0.749329516068177,0.0,0.0,0.0,0.0,0.3811946907908322,0.749329516068177,0.0,0.0,0.0,0.0,0.3811946907908322,0.749329516068177,0.0,0.0,0.0,0.0,18.20911966804636,81.79088033195363,0.0,0.0,0.0,0.0,18.20911966804636,81.79088033195363,0.0,0.0,0.0,0.0,18.20911966804636,81.79088033195363,0.0,0.0,0.0,0.0,23.788545673793546,76.21145432620645,0.0,0.0,0.0,0.0,23.788545673793546,76.21145432620645,0.0,0.0,0.0,0.0,23.788545673793546,76.21145432620645,0.0,0.0,0.0,0.0,33.718401470581874,66.28159852941813,0.0,0.0,0.0,0.0,33.718401470581874,66.28159852941813,0.0,0.0,0.0,0.0,33.718401470581874,66.28159852941813,0.0,0.0,0.0,0.0
2033,0.31314761640512084,1.8263351322961967,0.0,0.0,0.0,0.0,0.31314761640512084,1.8263351322961967,0.0,0.0,0.0,0.0,0.31314761640512084,1.8263351322961967,0.0,0.0,0.0,0.0,0.31314761640512084,1.300498963298352,0.0,0.0,0.0,0.0,0.31314761640512084,1.300498963298352,0.0,0.0,0.0,0.0,0.31314761640512084,1.300498963298352,0.0,0.0,0.0,0.0,0.31314761640512084,0.7703611881675522,0.0,0.0,0.0,0.0,0.31314761640512084,0.7703611881675522,0.0,0.0,0.0,0.0,0.31314761640512084,0.7703611881675522,0.0,0.0,0.0,0.0,14.636603945285554,85.36339605471444,0.0,0.0,0.0,0.0,14.636603945285554,85.36339605471444,0.0,0.0,0.0,0.0,14.636603945285554,85.36339605471444,0.0,0.0,0.0,0.0,19.40620829516867,80.59379170483133,0.0,0.0,0.0,0.0,19.40620829516867,80.59379170483133,0.0,0.0,0.0,0.0,19.40620829516867,80.59379170483133,0.0,0.0,0.0,0.0,28.90125258637134,71.09874741362866,0.0,0.0,0.0,0.0,28.90125258637134,71.09874741362866,0.0,0.0,0.0,0.0,28.90125258637134,71.09874741362866,0.0,0.0,0.0,0.0
2034,0.24510054201940948,1.941450827153337,0.0,0.0,0.0,0.0,0.24510054201940948,1.941450827153337,0.0,0.0,0.0,0.0,0.24510054201940948,1.941450827153337,0.0,0.0,0.0,0.0,0.24510054201940948,1.3798415637419879,0.0,0.0,0.0,0.0,0.24510054201940948,1.3798415637419879,0.0,0.0,0.0,0.0,0.24510054201940948,1.3798415637419879,0.0,0.0,0.0,0.0,0.24510054201940948,0.791392860266927,0.0,0.0,0.0,0.0,0.24510054201940948,0.791392860266927,0.0,0.0,0.0,0.0,0.24510054201940948,0.791392860266927,0.0,0.0,0.0,0.0,11.209457297687,88.79054270231299,0.0,0.0,0.0,0.0,11.209457297687,88.79054270231299,0.0,0.0,0.0,0.0,11.209457297687,88.79054270231299,0.0,0.0,0.0,0.0,15.083647666607975,84.91635233339203,0.0,0.0,0.0,0.0,15.083647666607975,84.91635233339203,0.0,0.0,0.0,0.0,15.083647666607975,84.91635233339203,0.0,0.0,0.0,0.0,23.647091383192347,76.35290861680765,0.0,0.0,0.0,0.0,23.647091383192347,76.35290861680765,0.0,0.0,0.0,0.0,23.647091383192347,76.35290861680765,0.0,0.0,0.0,0.0
2035,0.17705346763369811,1.941450827153337,0.11615120450751164,0.0,0.0,0.0,0.17705346763369811,1.941450827153337,0.11615120450751164,0.0,0.0,0.0,0.17705346763369811,1.941450827153337,0.07297720303288696,0.0431740014746247,0.0,0.0,0.17705346763369811,1.3798415637419876,0.0794216691260409,0.0,0.0,0.0,0.17705346763369811,1.3798415637419876,0.0794216691260409,0.0,0.0,0.0,0.17705346763369811,1.3798415637419876,0.04999324557407703,0.029428423551963866,0.0,0.0,0.17705346763369811,0.791392860266927,0.02103167209937499,0.0,0.0,0.0,0.17705346763369811,0.791392860266927,0.02103167209937499,0.0,0.0,0.0,0.17705346763369811,0.791392860266927,0.013454988453679387,0.007576683645695603,0.0,0.0,7.923076630361668,86.87920029580528,5.197723073833042,0.0,0.0,0.0,7.923076630361668,86.87920029580528,5.197723073833042,0.0,0.0,0.0,7.923076630361668,86.87920029580528,3.2657026130392333,1.932020460793809,0.0,0.0,10.820244490532307,84.32606984448067,4.853685664987021,0.0,0.0,0.0,10.820244490532307,84.32606984448067,4.853685664987021,0.0,0.0,0.0,10.820244490532307,84.32606984448067,3.0552304183382177,1.798455246648802,0.0,0.0,17.893623469516058,79.98084447222949,2.125532058254452,0.0,0.0,0.0,17.893623469516058,79.98084447222949,2.125532058254452,0.0,0.0,0.0,17.893623469516058,79.98084447222948,1.3598067317999374,0.7657253264545145,0.0,0.0
2036,0.10900639324798679,1.941450827153337,0.23336069987770308,0.0,0.0,0.0,0.10900639324798679,1.941450827153337,0.23336069987770308,0.0,0.0,0.0,0.10900639324798679,1.941450827153337,0.14661664455897175,0.08674405531873132,0.0,0.0,0.10900639324798679,1.3798415637419876,0.15892296041526424,0.0,0.0,0.0,0.10900639324798679,1.3798415637419876,0.15892296041526424,0.0,0.0,0.0,0.10900639324798679,1.3798415637419876,0.10003631569377817,0.05888664472148608,0.0,0.0,0.10900639324798679,0.791392860266927,0.08907874648508628,0.0,0.0,0.0,0.10900639324798679,0.791392860266927,0.08907874648508628,0.0,0.0,0.0,0.10900639324798679,0.791392860266927,0.05633044179576366,0.03274830468932263,0.0,0.0,4.772989662620252,85.00900224638481,10.218008090994928,0.0,0.0,0.0,4.772989662620252,85.00900224638481,10.218008090994928,0.0,0.0,0.0,4.772989662620252,85.00900224638481,6.419804453634323,3.7982036373606047,0.0,0.0,6.61538519077884,83.73989061020922,9.644724199011948,0.0,0.0,0.0,6.61538519077884,83.73989061020922,9.644724199011948,0.0,0.0,0.0,6.61538519077884,83.7398906102092,6.071008696482297,3.5737155025296516,0.0,0.0,11.016555522001175,79.98084447222949,9.002600005769331,0.0,0.0,0.0,11.016555522001175,79.98084447222949,9.002600005769331,0.0,0.0,0.0,11.016555522001175,79.98084447222949,5.692945350554904,3.3096546552144295,0.0,0.0
2037,0.040959318862275454,1.9414508271533375,0.3516517685095532,0.0,0.0,0.0,0.040959318862275454,1.9414508271533375,0.3516517685095532,0.0,0.0,0.0,0.040959318862275454,1.9414508271533375,0.22093289382510467,0.13071887468444862,0.0,0.0,0.040959318862275454,1.3798415637419876,0.23850443122281192,0.0,0.0,0.0,0.040959318862275454,1.3798415637419876,0.23850443122281192,0.0,0.0,0.0,0.040959318862275454,1.3798415637419876,0.1501295591309225,0.08837487209188943,0.0,0.0,0.040959318862275454,0.791392860266927,0.15712582087079766,0.0,0.0,0.0,0.040959318862275454,0.791392860266927,0.15712582087079766,0.0,0.0,0.0,0.040959318862275454,0.791392860266927,0.09920589513784797,0.05791992573294968,0.0,0.0,1.754851429063658,83.17906286339024,15.066085707546112,0.0,0.0,0.0,1.754851429063658,83.17906286339024,15.066085707546112,0.0,0.0,0.0,1.7548514290636579,83.17906286339021,9.465596968538451,5.600488739007663,0.0,0.0,2.4684618629832245,83.15778610745703,14.373752029559746,0.0,0.0,0.0,2.4684618629832245,83.15778610745703,14.373752029559746,0.0,0.0,0.0,2.468461862983225,83.15778610745704,9.047735692755596,5.3260163368041535,0.0,0.0,4.13948757448629,79.98084447222949,15.87966795328422,0.0,0.0,0.0,4.13948757448629,79.98084447222949,15.87966795328422,0.0,0.0,0.0,4.13948757448629,79.98084447222949,10.026083969309875,5.853583983974345,0.0,0.0
2038,0.0,1.9151155092833305,0.4702957673613895,0.0,0.0,0.0,0.0,1.9151155092833305,0.4702957673613895,0.0,0.0,0.0,0.0,1.9151155092833305,0.2951884029481378,0.17510736441325184,0.0,0.0,0.0,1.3535062458719804,0.3174142051518839,0.0,0.0,0.0,0.0,1.3535062458719804,0.3174142051518839,0.0,0.0,0.0,0.0,1.3535062458719804,0.1995208894453036,0.11789331570658032,0.0,0.0,0.0,0.7650575423969199,0.2244204576030802,0.0,0.0,0.0,0.0,0.7650575423969199,0.2244204576030802,0.0,0.0,0.0,0.0,0.7650575423969199,0.14132891082650348,0.08309154677657671,0.0,0.0,0.0,80.28449970174955,19.715500298250443,0.0,0.0,0.0,0.0,80.28449970174955,19.715500298250443,0.0,0.0,0.0,0.0,80.28449970174955,12.37473830354927,7.340761994701181,0.0,0.0,0.0,81.00363156382538,18.996368436174617,0.0,0.0,0.0,0.0,81.00363156382538,18.996368436174617,0.0,0.0,0.0,0.0,81.00363156382538,11.940777271775342,7.055591164399278,0.0,0.0,0.0,77.31930799845169,22.68069200154831,0.0,0.0,0.0,0.0,77.31930799845169,22.68069200154831,0.0,0.0,0.0,0.0,77.31930799845169,14.283178688814049,8.39751331273426,0.0,0.0
2039,0.0,1.845772906607934,0.5921174181229697,0.0,0.0,0.0,0.0,1.845772906607934,0.5921174181229697,0.0,0.0,0.0,0.0,1.845772906607934,0.37094021181765957,0.22117720630531018,0.0,0.0,0.0,1.2841636431965837,0.39845325098444706,0.0,0.0,0.0,0.0,1.2841636431965837,0.39845325098444706,0.0,0.0,0.0,0.0,1.2841636431965837,0.24975248285299714,0.1487007681314499,0.0,0.0,0.0,0.6957149397215233,0.29376306027847654,0.0,0.0,0.0,0.0,0.6957149397215233,0.29376306027847654,0.0,0.0,0.0,0.0,0.6957149397215233,0.18424131140609146,0.10952174887238511,0.0,0.0,0.0,75.71189269195987,24.28810730804012,0.0,0.0,0.0,0.0,75.71189269195987,24.28810730804012,0.0,0.0,0.0,0.0,75.71189269195987,15.215623445185306,9.072483862854819,0.0,0.0,0.0,76.31943121679022,23.680568783209775,0.0,0.0,0.0,0.0,76.31943121679022,23.680568783209775,0.0,0.0,0.0,0.0,76.31943121679022,14.843098492396726,8.837470290813053,0.0,0.0,0.0,70.31130957146328,29.688690428536724,0.0,0.0,0.0,0.0,70.31130957146328,29.688690428536724,0.0,0.0,0.0,0.0,70.31130957146328,18.62005132060455,11.068639107932174,0.0,0.0
2040,0.0,1.7764303039325375,0.7150936079424461,0.0,0.0,0.0,0.0,1.7764303039325375,0.7150936079424461,0.0,0.0,0.0,0.0,1.7764303039325375,0.44741448766956005,0.2676791202728862,0.0,0.0,0.0,1.2148210405211874,0.47957417191911034,0.0,0.0,0.0,0.0,1.2148210405211874,0.47957417191911034,0.0,0.0,0.0,0.0,1.2148210405211874,0.3000353106104873,0.17953886130862295,0.0,0.0,0.0,0.6263723370461272,0.3631056629538729,0.0,0.0,0.0,0.0,0.6263723370461272,0.3631056629538729,0.0,0.0,0.0,0.0,0.6263723370461272,0.22715371198567938,0.1359519509681935,0.0,0.0,0.0,71.2989466192076,28.70105338079241,0.0,0.0,0.0,0.0,71.2989466192076,28.70105338079241,0.0,0.0,0.0,0.0,71.2989466192076,17.957463122754483,10.743590258037926,0.0,0.0,0.0,71.69643962647774,28.303560373522252,0.0,0.0,0.0,0.0,71.69643962647774,28.303560373522252,0.0,0.0,0.0,0.0,71.69643962647774,17.707516428730415,10.596043944791836,0.0,0.0,0.0,63.303311144474876,36.696688855525124,0.0,0.0,0.0,0.0,63.303311144474876,36.696688855525124,0.0,0.0,0.0,0.0,63.303311144474876,22.956923952395037,13.739764903130085,0.0,0.0
2041,0.0,1.707087701257141,0.8392497366790921,0.0,0.0,0.0,0.0,1.707087701257141,0.8392497366790921,0.0,0.0,0.0,0.0,1.707087701257141,0.5246271247774512,0.3146226119016409,0.0,0.0,0.0,1.145478437845791,0.5607775410815887,0.0,0.0,0.0,0.0,1.145478437845791,0.5607775410815887,0.0,0.0,0.0,0.0,1.145478437845791,0.35036973135822314,0.21040780972336567,0.0,0.0,0.0,0.5570297343707309,0.4324482656292692,0.0,0.0,0.0,0.0,0.5570297343707309,0.4324482656292692,0.0,0.0,0.0,0.0,0.5570297343707309,0.27006611256526736,0.16238215306400186,0.0,0.0,0.0,67.04090651240273,32.959093487597265,0.0,0.0,0.0,0.0,67.04090651240273,32.959093487597265,0.0,0.0,0.0,0.0,67.04090651240274,20.603205096126356,12.355888391470915,0.0,0.0,0.0,67.13403217293833,32.865967827061674,0.0,0.0,0.0,0.0,67.13403217293833,32.865967827061674,0.0,0.0,0.0,0.0,67.13403217293833,20.534417794596067,12.331550032465609,0.0,0.0,0.0,56.29531271748648,43.70468728251352,0.0,0.0,0.0,0.0,56.29531271748648,43.70468728251352,0.0,0.0,0.0,0.0,56.29531271748648,27.293796584185532,16.410890698327993,0.0,0.0
2042,0.0,1.6377450985817452,0.9646117629890852,0.0,0.0,0.0,0.0,1.6377450985817452,0.9646117629890852,0.0,0.0,0.0,0.0,1.6377450985817452,0.6025943670889649,0.3620173959001204,0.0,0.0,0.0,1.0761358351703951,0.6420639356094767,0.0,0.0,0.0,0.0,1.0761358351703951,0.6420639356094767,0.0,0.0,0.0,0.0,1.0761358351703951,0.40075610624713587,0.2413078293623408,0.0,0.0,0.0,0.4876871316953345,0.5017908683046656,0.0,0.0,0.0,0.0,0.4876871316953345,0.5017908683046656,0.0,0.0,0.0,0.0,0.4876871316953345,0.3129785131448552,0.1888123551598103,0.0,0.0,0.0,62.933148130697646,37.06685186930235,0.0,0.0,0.0,0.0,62.933148130697646,37.06685186930235,0.0,0.0,0.0,0.0,62.933148130697646,23.155716112094936,13.91113575720741,0.0,0.0,0.0,62.631589962437786,37.36841003756222,0.0,0.0,0.0,0.0,62.631589962437786,37.36841003756222,0.0,0.0,0.0,0.0,62.631589962437786,23.324185758984076,14.044224278578147,0.0,0.0,0.0,49.28731429049807,50.71268570950194,0.0,0.0,0.0,0.0,49.28731429049807,50.71268570950194,0.0,0.0,0.0,0.0,49.287314290498074,31.63066921597602,19.08201649352591,0.0,0.0
2043,0.0,1.5684024959063487,1.0912062166190397,0.0,0.0,0.0,0.0,1.5684024959063487,1.0912062166190397,0.0,0.0,0.0,0.0,1.5684024959063487,0.6813328159185812,0.4098734007004586,0.0,0.0,0.0,1.0067932324949982,0.7234339366803317,0.0,0.0,0.0,0.0,1.0067932324949982,0.7234339366803317,0.0,0.0,0.0,0.0,1.0067932324949982,0.4511947989562136,0.2722391377241182,0.0,0.0,0.0,0.4183445290199381,0.5711334709800618,0.0,0.0,0.0,0.0,0.4183445290199381,0.5711334709800618,0.0,0.0,0.0,0.0,0.4183445290199381,0.35589091372444326,0.2152425572556187,0.0,0.0,0.0,58.97117453856953,41.02882546143047,0.0,0.0,0.0,0.0,58.97117453856953,41.02882546143047,0.0,0.0,0.0,0.0,58.97117453856953,25.617784026268758,15.411041435161712,0.0,0.0,0.0,58.1884997780298,41.8115002219702,0.0,0.0,0.0,0.0,58.1884997780298,41.8115002219702,0.0,0.0,0.0,0.0,58.1884997780298,26.077199976651883,15.73430024531832,0.0,0.0,0.0,42.279315863509666,57.72068413649034,0.0,0.0,0.0,0.0,42.279315863509666,57.72068413649034,0.0,0.0,0.0,0.0,42.27931586350966,35.96754184776652,21.75314228872382,0.0,0.0
2044,0.0,1.4990598932309522,1.2190602109699948,0.0,0.0,0.0,0.0,1.4990598932309522,1.2190602109699948,0.0,0.0,0.0,0.0,1.4990598932309522,0.7608594378096981,0.45820077316029667,0.0,0.0,0.0,0.9374506298196023,0.8048881295399555,0.0,0.0,0.0,0.0,0.9374506298196023,0.8048881295399555,0.0,0.0,0.0,0.0,0.9374506298196023,0.501686175710198,0.3032019538297573,0.0,0.0,0.0,0.34900192634454175,0.6404760736554582,0.0,0.0,0.0,0.0,0.34900192634454175,0.6404760736554582,0.0,0.0,0.0,0.0,0.34900192634454175,0.39880331430403115,0.24167275935142707,0.0,0.0,0.0,55.15061276777667,44.84938723222332,0.0,0.0,0.0,0.0,55.15061276777667,44.84938723222332,0.0,0.0,0.0,0.0,55.15061276777667,27.992119871147853,16.857267361075465,0.0,0.0,0.0,53.80415403053921,46.1958459694608,0.0,0.0,0.0,0.0,53.80415403053921,46.1958459694608,0.0,0.0,0.0,0.0,53.80415403053922,28.793836618465978,17.402009350994817,0.0,0.0,0.0,35.27131743652126,64.72868256347874,0.0,0.0,0.0,0.0,35.27131743652126,64.72868256347874,0.0,0.0,0.0,0.0,35.27131743652126,40.30441447955702,24.42426808392173,0.0,0.0
2045,0.0,1.4297172905555562,1.3482014559378117,0.0,0.0,0.0,0.0,1.4297172905555562,1.3482014559378117,0.0,0.0,0.0,0.0,1.4297172905555562,0.8411915725696686,0.5070098833681433,0.0,0.0,0.0,0.8681080271442058,0.8864271035308684,0.0,0.0,0.0,0.0,0.8681080271442058,0.8864271035308684,0.0,0.0,0.0,0.0,0.8681080271442058,0.5522306052974032,0.33419649823346514,0.0,0.0,0.0,0.27965932366914537,0.7098186763308545,0.0,0.0,0.0,0.0,0.27965932366914537,0.7098186763308545,0.0,0.0,0.0,0.0,0.27965932366914537,0.44171571488361916,0.2681029614472354,0.0,0.0,0.0,51.46721056403546,48.53278943596453,0.0,0.0,0.0,0.0,51.46721056403546,48.53278943596453,0.0,0.0,0.0,0.0,51.46721056403546,30.281359871721385,18.251429564243153,0.0,0.0,0.0,49.47795070995204,50.52204929004797,0.0,0.0,0.0,0.0,49.47795070995204,50.52204929004797,0.0,0.0,0.0,0.0,49.47795070995204,31.47446840149204,19.047580888555927,0.0,0.0,0.0,28.263319009532843,71.73668099046715,0.0,0.0,0.0,0.0,28.263319009532843,71.73668099046715,0.0,0.0,0.0,0.0,28.263319009532843,44.64128711134752,27.09539387911964,0.0,0.0
2046,0.0,1.3603746878801595,1.4786582710360627,0.0,0.0,0.0,0.0,1.3603746878801595,1.4786582710360627,0.0,0.0,0.0,0.0,1.3603746878801595,0.9223469414816078,0.556311329554455,0.0,0.0,0.0,0.7987654244688096,0.96805145212099,0.0,0.0,0.0,0.0,0.7987654244688096,0.96805145212099,0.0,0.0,0.0,0.0,0.7987654244688096,0.6028284590876615,0.3652229930333285,0.0,0.0,0.0,0.2103167209937491,0.779161279006251,0.0,0.0,0.0,0.0,0.2103167209937491,0.779161279006251,0.0,0.0,0.0,0.0,0.2103167209937491,0.48462811546320717,0.2945331635430438,0.0,0.0,0.0,47.91683321631713,52.08316678368286,0.0,0.0,0.0,0.0,47.91683321631713,52.08316678368286,0.0,0.0,0.0,0.0,47.91683321631714,32.48806740988686,19.59509937379601,0.0,0.0,0.0,45.20929333720974,54.79070666279026,0.0,0.0,0.0,0.0,45.20929333720974,54.79070666279026,0.0,0.0,0.0,0.0,45.209293337209736,34.11946461883495,20.6712420439553,0.0,0.0,0.0,21.25532058254444,78.74467941745556,0.0,0.0,0.0,0.0,21.25532058254444,78.74467941745556,0.0,0.0,0.0,0.0,21.25532058254444,48.97815974313801,29.76651967431755,0.0,0.0
2047,0.0,1.1653629428357657,1.7361287411766135,0.0,0.0,0.0,0.0,1.1653629428357657,1.7361287411766135,0.0,0.0,0.0,0.0,1.1653629428357657,1.083756409058157,0.6523723321184565,0.0,0.0,0.0,0.7137897273286071,1.065394867397321,0.0,0.0,0.0,0.0,0.7137897273286071,1.065394867397321,0.0,0.0,0.0,0.0,0.7137897273286071,0.6640364572260647,0.40135841017125623,0.0,0.0,0.0,0.1892850488943741,0.8001929511056259,0.0,0.0,0.0,0.0,0.1892850488943741,0.8001929511056259,0.0,0.0,0.0,0.0,0.1892850488943741,0.4980831039168865,0.3021098471887395,0.0,0.0,0.0,40.1642696154215,59.8357303845785,0.0,0.0,0.0,0.0,40.1642696154215,59.8357303845785,0.0,0.0,0.0,0.0,40.1642696154215,37.35169792247915,22.48403246209935,0.0,0.0,0.0,40.11892467170119,59.88107532829881,0.0,0.0,0.0,0.0,40.11892467170119,59.88107532829881,0.0,0.0,0.0,0.0,40.11892467170119,37.32251612308701,22.558559205211807,0.0,0.0,0.0,19.12978852428999,80.87021147571001,0.0,0.0,0.0,0.0,19.12978852428999,80.87021147571001,0.0,0.0,0.0,0.0,19.12978852428999,50.33796647493794,30.532245000772072,0.0,0.0
2048,0.0,1.012672754677599,1.9526517463830522,0.0,0.0,0.0,0.0,1.012672754677599,1.9526517463830522,0.0,0.0,0.0,0.0,1.012672754677599,1.2195424980017568,0.7331092483812954,0.0,0.0,0.0,0.6203497188111593,1.1712891680778503,0.0,0.0,0.0,0.0,0.6203497188111593,1.1712891680778503,0.0,0.0,0.0,0.0,0.6203497188111593,0.7305952768307368,0.4406938912471134,0.0,0.0,0.0,0.16825337679499927,0.8212246232050008,0.0,0.0,0.0,0.0,0.16825337679499927,0.8212246232050008,0.0,0.0,0.0,0.0,0.16825337679499927,0.5115380923705657,0.30968653083443504,0.0,0.0,0.0,34.150486879779315,65.84951312022068,0.0,0.0,0.0,0.0,34.150486879779315,65.84951312022068,0.0,0.0,0.0,0.0,34.150486879779315,41.126780477669314,24.72273264255138,0.0,0.0,0.0,34.62470720806527,65.37529279193473,0.0,0.0,0.0,0.0,34.62470720806527,65.37529279193473,0.0,0.0,0.0,0.0,34.62470720806527,40.77804306309391,24.597249728840808,0.0,0.0,0.0,17.004256466035553,82.99574353396444,0.0,0.0,0.0,0.0,17.004256466035553,82.99574353396444,0.0,0.0,0.0,0.0,17.004256466035553,51.697773206737864,31.297970327226583,0.0,0.0
2049,0.0,0.8769111892739234,2.153650450810062,0.0,0.0,0.0,0.0,0.8769111892739234,2.153650450810062,0.0,0.0,0.0,0.0,0.8769111892739234,1.3456140652399673,0.8080363855700947,0.0,0.0,0.0,0.5438383330482025,1.2603420260490292,0.0,0.0,0.0,0.0,0.5438383330482025,1.2603420260490292,0.0,0.0,0.0,0.0,0.5438383330482025,0.7866153570052347,0.4737266690437949,0.0,0.0,0.0,0.1472217046956242,0.8422562953043757,0.0,0.0,0.0,0.0,0.1472217046956242,0.8422562953043757,0.0,0.0,0.0,0.0,0.1472217046956242,0.524993080824245,0.31726321448013073,0.0,0.0,0.0,28.935599846423905,71.0644001535761,0.0,0.0,0.0,0.0,28.935599846423905,71.0644001535761,0.0,0.0,0.0,0.0,28.935599846423905,44.40147487654059,26.662925277035505,0.0,0.0,0.0,30.143235420228503,69.85676457977151,0.0,0.0,0.0,0.0,30.143235420228503,69.85676457977151,0.0,0.0,0.0,0.0,30.143235420228493,43.59959651699334,26.25716806277817,0.0,0.0,0.0,14.878724407781094,85.12127559221891,0.0,0.0,0.0,0.0,14.878724407781094,85.12127559221891,0.0,0.0,0.0,0.0,14.878724407781094,53.0575799385378,32.06369565368111,0.0,0.0
2050,0.0,0.732685312493003,2.153650450810062,0.0,0.21089823286276843,0.0,0.0,0.732685312493003,2.153650450810062,0.0,0.21089823286276843,0.0,0.0,0.732685312493003,1.3456140652399675,0.8080363855700947,0.07162147124631027,0.13927676161645816,0.0,0.45886263590800036,1.2603420260490292,0.0,0.09760495965388287,0.0,0.0,0.45886263590800036,1.2603420260490292,0.0,0.09760495965388287,0.0,0.0,0.45886263590800036,0.7866153570052347,0.4737266690437949,0.03321104900666633,0.06439391064721654,0.0,0.12619003259624947,0.8422562953043757,0.0,0.02103167209937475,0.0,0.0,0.12619003259624947,0.8422562953043757,0.0,0.02103167209937475,0.0,0.0,0.12619003259624947,0.524993080824245,0.31726321448013073,0.0072499992113846,0.013781672887990147,0.0,23.656117471266874,69.5346381150451,0.0,6.809244413688026,0.0,0.0,23.656117471266874,69.5346381150451,0.0,6.809244413688026,0.0,0.0,23.656117471266874,43.44567013360136,26.08896798144374,2.312433330351301,4.496811083336725,0.0,25.256506265149575,69.37116641486742,0.0,5.372327319983003,0.0,0.0,25.256506265149575,69.37116641486742,0.0,5.372327319983003,0.0,0.0,25.256506265149568,43.29652087089706,26.074645543970377,1.827987292208363,3.5443400277746395,0.0,12.753192349526667,85.12127559221891,0.0,2.125532058254428,0.0,0.0,12.753192349526667,85.12127559221891,0.0,2.125532058254428,0.0,0.0,12.753192349526667,53.0575799385378,32.06369565368111,0.732709490396411,1.3928225678580168
2051,0.0,0.6053880584665727,2.153650450810062,0.0,0.40633463480484694,0.0,0.0,0.6053880584665727,2.153650450810062,0.0,0.40633463480484694,0.0,0.0,0.6053880584665727,1.3456140652399675,0.8080363855700947,0.13800083554804768,0.26833379925679923,0.0,0.38235125014504334,1.2603420260490295,0.0,0.18683401276811595,0.0,0.0,0.38235125014504334,1.2603420260490295,0.0,0.18683401276811595,0.0,0.0,0.38235125014504334,0.7866153570052347,0.47372666904379496,0.06358236977779505,0.12325164299032092,0.0,0.10515836049687448,0.8422562953043757,0.0,0.04206334419874973,0.0,0.0,0.10515836049687448,0.8422562953043757,0.0,0.04206334419874973,0.0,0.0,0.10515836049687448,0.524993080824245,0.31726321448013073,0.01449999842276929,0.02756334577598046,0.0,19.12532996618452,68.03780637479952,0.0,12.83686365901597,0.0,0.0,19.12532996618452,68.03780637479952,0.0,12.83686365901597,0.0,0.0,19.12532996618452,42.510440443836956,25.527365930962564,4.359701977192719,8.477161681823251,0.0,20.898909376855183,68.88894380820996,0.0,10.212146814934844,0.0,0.0,20.898909376855183,68.88894380820996,0.0,10.212146814934844,0.0,0.0,20.898909376855183,42.99555200684912,25.893391801360856,3.4753441591933045,6.736802655741539,0.0,10.627660291272216,85.12127559221892,0.0,4.25106411650888,0.0,0.0,10.627660291272216,85.12127559221892,0.0,4.25106411650888,0.0,0.0,10.627660291272216,53.0575799385378,32.063695653681116,1.4654189807928315,2.7856451357160505
2052,0.0,0.46962649306289733,2.153650450810062,0.0,0.611734409378315,0.0,0.0,0.46962649306289733,2.153650450810062,0.0,0.611734409378315,0.0,0.0,0.46962649306289733,1.3456140652399675,0.8080363855700948,0.20775813517518593,0.40397627420312915,0.0,0.3143041757593321,1.2603420260490292,0.0,0.2676877781765623,0.0,0.0,0.3143041757593321,1.2603420260490292,0.0,0.2676877781765623,0.0,0.0,0.3143041757593321,0.7866153570052347,0.4737266690437949,0.09111417211992907,0.17657360605663328,0.0,0.08412668839749961,0.8422562953043757,0.0,0.06309501629812464,0.0,0.0,0.08412668839749961,0.8422562953043757,0.0,0.06309501629812464,0.0,0.0,0.08412668839749961,0.524993080824245,0.31726321448013073,0.021749997634153938,0.04134501866397066,0.0,14.516996751523296,66.57319606144766,0.0,18.909807187029042,0.0,0.0,14.516996751523296,66.57319606144766,0.0,18.909807187029042,0.0,0.0,14.516996751523296,41.59534290003615,24.977853161411513,6.422176384833499,12.487630802195547,0.0,17.06010849139873,68.41007329514397,0.0,14.529818213457304,0.0,0.0,17.06010849139873,68.41007329514397,0.0,14.529818213457304,0.0,0.0,17.060108491398722,42.69667527988989,25.713398015254075,4.9455838686031655,9.58423434485414,0.0,8.502128233017773,85.12127559221891,0.0,6.376596174763324,0.0,0.0,8.502128233017773,85.12127559221891,0.0,6.376596174763324,0.0,0.0,8.502128233017773,53.0575799385378,32.06369565368111,2.1981284711892473,4.178467703574073
2053,0.0,0.3423292390364674,2.153650450810062,0.0,0.8102019131762732,0.0,0.0,0.3423292390364674,2.153650450810062,0.0,0.8102019131762732,0.0,0.0,0.3423292390364674,1.3456140652399675,0.8080363855700948,0.2751651500941057,0.5350367630821675,0.0,0.2377927899963753,1.2603420260490292,0.0,0.35709550179941335,0.0,0.0,0.2377927899963753,1.2603420260490292,0.0,0.35709550179941335,0.0,0.0,0.2377927899963753,0.7866153570052347,0.4737266690437949,0.12154606850586182,0.23554943329355152,0.0,0.06309501629812456,0.8422562953043757,0.0,0.08412668839749966,0.0,0.0,0.06309501629812456,0.8422562953043757,0.0,0.08412668839749966,0.0,0.0,0.06309501629812456,0.524993080824245,0.31726321448013073,0.028999996845538636,0.055126691551960996,0.0,10.354217648645792,65.14011356306032,0.0,24.505668788293878,0.0,0.0,10.354217648645792,65.14011356306032,0.0,24.505668788293878,0.0,0.0,10.35421764864579,40.699944129193874,24.440169433866448,8.322747602325457,16.182921185968418,0.0,12.81742690970112,67.9345315741251,0.0,19.24804151617378,0.0,0.0,12.81742690970112,67.9345315741251,0.0,19.24804151617378,0.0,0.0,12.817426909701119,42.399876146861864,25.534655427263235,6.551535264206942,12.696506251966836,0.0,6.376596174763316,85.12127559221891,0.0,8.502128233017778,0.0,0.0,6.376596174763316,85.12127559221891,0.0,8.502128233017778,0.0,0.0,6.376596174763316,53.0575799385378,32.06369565368111,2.930837961585668,5.571290271432108
2054,0.0,0.2292181708783008,2.153650450810062,0.0,0.9960489766009414,0.0,0.0,0.2292181708783008,2.153650450810062,0.0,0.9960489766009414,0.0,0.0,0.2292181708783008,1.3456140652399673,0.8080363855700947,0.338293389849609,0.6577555867513324,0.0,0.15860668183820908,1.2603420260490292,0.0,0.4492682221824932,0.0,0.0,0.15860668183820908,1.2603420260490292,0.0,0.4492682221824932,0.0,0.0,0.15860668183820908,0.7866153570052347,0.4737266690437949,0.15291539648012745,0.2963528257023657,0.0,0.04206334419874974,0.8422562953043757,0.0,0.10515836049687445,0.0,0.0,0.04206334419874974,0.8422562953043757,0.0,0.10515836049687445,0.0,0.0,0.04206334419874974,0.524993080824245,0.31726321448013073,0.0362499960569233,0.06890836443995119,0.0,6.7837751058016496,63.73788019868917,0.0,29.478344695509186,0.0,0.0,6.7837751058016496,63.73788019868917,0.0,29.478344695509186,0.0,0.0,6.7837751058016496,39.82382008727385,23.91406011141531,10.011886351442305,19.46645834406688,0.0,8.489735816294582,67.46229550558601,0.0,24.047968678119418,0.0,0.0,8.489735816294582,67.46229550558601,0.0,24.047968678119418,0.0,0.0,8.489735816294578,42.10514016570195,25.357155339884045,8.185098529988153,15.862870148131256,0.0,4.251064116508881,85.12127559221892,0.0,10.627660291272214,0.0,0.0,4.251064116508881,85.12127559221892,0.0,10.627660291272214,0.0,0.0,4.25106411650888,53.0575799385378,32.06369565368111,3.6635474519820854,6.964112839290129
2055,0.0,0.11511569485714043,2.153650450810062,0.0,1.1844876397844672,0.0,0.0,0.11511569485714043,2.153650450810062,0.0,1.1844876397844672,0.0,0.0,0.11511569485714043,1.3456140652399675,0.8080363855700948,0.40230027348390934,0.7821873663005577,0.0,0.07934260044363559,1.2603420260490295,0.0,0.5416098220875544,0.0,0.0,0.07934260044363559,1.2603420260490295,0.0,0.5416098220875544,0.0,0.0,0.07934260044363559,0.7866153570052347,0.47372666904379496,0.1843419805788142,0.3572678415087402,0.0,0.021031672099374826,0.8422562953043757,0.0,0.12619003259624942,0.0,0.0,0.021031672099374826,0.8422562953043757,0.0,0.12619003259624942,0.0,0.0,0.021031672099374826,0.524993080824245,0.31726321448013073,0.04349999526830796,0.08269003732794147,0.0,3.333542855787641,62.36583189695612,0.0,34.30062524725624,0.0,0.0,3.333542855787641,62.36583189695612,0.0,34.30062524725624,0.0,0.0,3.333542855787642,38.96655585838929,23.39927603856684,11.649890175427414,22.650735071828823,0.0,4.217447221168069,66.99334211081035,0.0,28.789210668021585,0.0,0.0,4.217447221168069,66.99334211081035,0.0,28.789210668021585,0.0,0.0,4.217447221168067,41.81245299473879,25.180889116071558,9.798677751796584,18.990532916224996,0.0,2.1255320582544357,85.12127559221891,0.0,12.753192349526662,0.0,0.0,2.1255320582544357,85.12127559221891,0.0,12.753192349526662,0.0,0.0,2.1255320582544357,53.0575799385378,32.06369565368111,4.3962569423785025,8.35693540714816
2056,0.0,0.0,2.153650450810062,0.0,1.375574917921544,0.0,0.0,0.0,2.153650450810062,0.0,1.375574917921544,0.0,0.0,0.0,1.3456140652399675,0.8080363855700948,0.4672051311623402,0.9083697867592039,0.0,0.0,1.2603420260490295,0.0,0.6341214836712514,0.0,0.0,0.0,1.2603420260490295,0.0,0.6341214836712514,0.0,0.0,0.0,0.7866153570052347,0.47372666904379496,0.2158262215947934,0.418295262076458,0.0,0.0,0.8422562953043757,0.0,0.1472217046956242,0.0,0.0,0.0,0.8422562953043757,0.0,0.1472217046956242,0.0,0.0,0.0,0.524993080824245,0.31726321448013073,0.05074999447969256,0.09647171021593161,0.0,0.0,61.02331888156177,0.0,38.976681118438236,0.0,0.0,0.0,61.02331888156177,0.0,38.976681118438236,0.0,0.0,0.0,38.12774545830654,22.89557342325522,13.23817785346625,25.73850326497198,0.0,0.0,66.52764857081465,0.0,33.47235142918535,0.0,0.0,0.0,66.52764857081465,0.0,33.47235142918535,0.0,0.0,0.0,41.52180039199483,25.00584817881982,11.392471825792004,22.079879603393344,0.0,0.0,85.12127559221891,0.0,14.878724407781094,0.0,0.0,0.0,85.12127559221891,0.0,14.878724407781094,0.0,0.0,0.0,53.0575799385378,32.063695653681116,5.128966432774915,9.749757975006178
2057,0.0,0.0,2.03749924630255,0.0,1.5693690805411513,0.0,0.0,0.0,2.03749924630255,0.0,1.5693690805411513,0.0,0.0,0.0,1.2726368622070803,0.7648623840954699,0.5330277183138723,1.036341362227279,0.0,0.0,1.1809203569229887,0.0,0.726804397365334,0.0,0.0,0.0,1.1809203569229887,0.0,0.726804397365334,0.0,0.0,0.0,0.7366221114311577,0.44429824549183106,0.24736852312648572,0.47943587423884826,0.0,0.0,0.8212246232050008,0.0,0.1682533767949992,0.0,0.0,0.0,0.8212246232050008,0.0,0.1682533767949992,0.0,0.0,0.0,0.5115380923705657,0.3096865308344351,0.057999993691077285,0.11025338310392188,0.0,0.0,56.489426884222446,0.0,43.51057311577756,0.0,0.0,0.0,56.489426884222446,0.0,43.51057311577756,0.0,0.0,0.0,35.2837072741366,21.205719610085843,14.778130777518964,28.732442338258597,0.0,0.0,61.9020303777277,0.0,38.0979696222723,0.0,0.0,0.0,61.9020303777277,0.0,38.0979696222723,0.0,0.0,0.0,38.612599106622945,23.289431271104757,12.966677848595962,25.131291773676327,0.0,0.0,82.99574353396444,0.0,17.004256466035546,0.0,0.0,0.0,82.99574353396444,0.0,17.004256466035546,0.0,0.0,0.0,51.697773206737864,31.297970327226587,5.861675923171338,11.142580542864206
2058,0.0,0.0,1.9202897509323589,0.0,1.765929679101904,0.0,0.0,0.0,1.9202897509323589,0.0,1.765929679101904,0.0,0.0,0.0,1.1989974206809955,0.7212923302513635,0.5997882249869142,1.1661414541149895,0.0,0.0,1.1014190656337655,0.0,0.8196597619345757,0.0,0.0,0.0,1.1014190656337655,0.0,0.8196597619345757,0.0,0.0,0.0,0.6865790413114563,0.4148400243223088,0.27896929159750145,0.5406904703370742,0.0,0.0,0.7531775488192893,0.0,0.23630045118071055,0.0,0.0,0.0,0.7531775488192893,0.0,0.23630045118071055,0.0,0.0,0.0,0.4686626390284813,0.28451490979080807,0.08118987531944617,0.15511057586126434,0.0,0.0,52.09374502468265,0.0,47.90625497531735,0.0,0.0,0.0,52.09374502468265,0.0,47.90625497531735,0.0,0.0,0.0,32.526479864760816,19.567265159921835,16.271093904503108,31.635161070814235,0.0,0.0,57.333361329473256,0.0,42.666638670526744,0.0,0.0,0.0,57.333361329473256,0.0,42.666638670526744,0.0,0.0,0.0,35.739243567663124,21.594117761810132,14.521491132699364,28.14514753782739,0.0,0.0,76.11867558644957,0.0,23.881324413550438,0.0,0.0,0.0,76.11867558644957,0.0,23.881324413550438,0.0,0.0,0.0,47.3646345879829,28.754040998466678,8.20532395055233,15.676000462998102
2059,0.0,0.0,1.8019986823005087,0.0,1.9653175751945078,0.0,0.0,0.0,1.8019986823005087,0.0,1.9653175751945078,0.0,0.0,0.0,1.1246811714148628,0.6773175108856461,0.6675072854109387,1.2978102897835693,0.0,0.0,1.0218375948262175,0.0,0.9126887845351017,0.0,0.0,0.0,1.0218375948262175,0.0,0.9126887845351017,0.0,0.0,0.0,0.6364857978743121,0.3853517969519055,0.3106289362764156,0.6020598482586861,0.0,0.0,0.6851304744335781,0.0,0.30434752556642186,0.0,0.0,0.0,0.6851304744335781,0.0,0.30434752556642186,0.0,0.0,0.0,0.4257871856863971,0.25934328874718104,0.10437975694781504,0.19996776861860682,0.0,0.0,47.8324239096057,0.0,52.167576090394306,0.0,0.0,0.0,47.8324239096057,0.0,52.167576090394306,0.0,0.0,0.0,29.85364366947763,17.97878024012806,17.718376684806948,34.44919940558736,0.0,0.0,52.82107319537176,0.0,47.17892680462825,0.0,0.0,0.0,52.82107319537176,0.0,47.17892680462825,0.0,0.0,0.0,32.90137599904153,19.919697196330233,16.057105221742656,31.121821582885577,0.0,0.0,69.24160763893468,0.0,30.75839236106532,0.0,0.0,0.0,69.24160763893468,0.0,30.75839236106532,0.0,0.0,0.0,43.031495969227926,26.21011166970676,10.548971977933318,20.209420383131995
2060,0.0,0.0,1.6833546834486723,0.0,2.166842531711235,0.0,0.0,0.0,1.6833546834486723,0.0,2.166842531711235,0.0,0.0,0.0,1.0504256622918295,0.632929021156843,0.7358364731578423,1.4310060585533926,0.0,0.0,0.9429278208971457,0.0,1.0051402431197023,0.0,0.0,0.0,0.9429278208971457,0.0,1.0051402431197023,0.0,0.0,0.0,0.587094467559931,0.3558333533372146,0.341978354686058,0.6631618884336443,0.0,0.0,0.6178358377012956,0.0,0.37164216229870445,0.0,0.0,0.0,0.6178358377012956,0.0,0.37164216229870445,0.0,0.0,0.0,0.38366416999774144,0.23417166770355402,0.12720012396555846,0.24444203833314604,0.0,0.0,43.72125866229839,0.0,56.27874133770161,0.0,0.0,0.0,43.72125866229839,0.0,56.27874133770161,0.0,0.0,0.0,27.282385903658263,16.438872758640134,19.111656677235462,37.167084660466145,0.0,0.0,48.403227706164515,0.0,51.59677229383548,0.0,0.0,0.0,48.403227706164515,0.0,51.59677229383548,0.0,0.0,0.0,30.137266679962032,18.26596102620248,17.554743645913,34.042028647922486,0.0,0.0,62.440583590670585,0.0,37.5594164093294,0.0,0.0,0.0,62.440583590670585,0.0,37.5594164093294,0.0,0.0,0.0,38.77440124972374,23.666182340946847,12.855275606487307,24.704140802842108
2061,0.0,0.0,1.5615330326870924,0.0,2.373368521206333,0.0,0.0,0.0,1.5615330326870924,0.0,2.373368521206333,0.0,0.0,0.0,0.9746738534223078,0.5868591792647846,0.8056612227430798,1.5677072984632532,0.0,0.0,0.8618887750645826,0.0,1.099815765400383,0.0,0.0,0.0,0.8618887750645826,0.0,1.099815765400383,0.0,0.0,0.0,0.5368628741522375,0.325025900912345,0.3738818442377363,0.7259339211626468,0.0,0.0,0.5484932350258992,0.0,0.44098476497410083,0.0,0.0,0.0,0.5484932350258992,0.0,0.44098476497410083,0.0,0.0,0.0,0.34075176941815355,0.20774146560774565,0.1505148587655944,0.29046990620850643,0.0,0.0,39.684170272113136,0.0,60.31582972788687,0.0,0.0,0.0,39.684170272113136,0.0,60.31582972788687,0.0,0.0,0.0,24.769967941330265,14.914202330782869,20.474749157216163,39.841080570670705,0.0,0.0,43.93570781358831,0.0,56.06429218641168,0.0,0.0,0.0,43.93570781358831,0.0,56.06429218641168,0.0,0.0,0.0,27.36716274434425,16.568545069244063,19.05902935561939,37.0052628307923,0.0,0.0,55.43258516368218,0.0,44.567414836317816,0.0,0.0,0.0,55.43258516368218,0.0,44.567414836317816,0.0,0.0,0.0,34.437528617933246,20.995056545748938,15.211541718521726,29.355873117796094
2062,0.0,0.0,1.4385568428676156,0.0,2.5829125452114643,0.0,0.0,0.0,1.4385568428676156,0.0,2.5829125452114643,0.0,0.0,0.0,0.8981995775704074,0.5403572652972086,0.8765091926535921,1.706403352557873,0.0,0.0,0.7807678541299194,0.0,1.1946686181183013,0.0,0.0,0.0,0.7807678541299194,0.0,1.1946686181183013,0.0,0.0,0.0,0.48658004639474745,0.29418780773517195,0.4058454550726762,0.788823163045625,0.0,0.0,0.4791506323505029,0.0,0.510327367649497,0.0,0.0,0.0,0.4791506323505029,0.0,0.510327367649497,0.0,0.0,0.0,0.29783936883856565,0.18131126351193722,0.1738295935656303,0.3364977740838668,0.0,0.0,35.77192075941092,0.0,64.22807924058908,0.0,0.0,0.0,35.77192075941092,0.0,64.22807924058908,0.0,0.0,0.0,22.335109157686432,13.436811601724482,21.79574449209647,42.43233474849261,0.0,0.0,39.52381486818135,0.0,60.47618513181865,0.0,0.0,0.0,39.52381486818135,0.0,60.47618513181865,0.0,0.0,0.0,24.631520842630618,14.892294025550735,20.54459663847293,39.931588493345714,0.0,0.0,48.42458673669378,0.0,51.57541326330622,0.0,0.0,0.0,48.42458673669378,0.0,51.57541326330622,0.0,0.0,0.0,30.100655986142765,18.32393075055102,17.567807830556145,34.007605432750076
2063,0.0,0.0,1.31440071413097,0.0,2.795541000485851,0.0,0.0,0.0,1.31440071413097,0.0,2.795541000485851,0.0,0.0,0.0,0.8209869404625161,0.49341377366845385,0.9484028937365346,1.8471381067493164,0.0,0.0,0.6995644849674407,0.0,1.289700042586517,0.0,0.0,0.0,0.6995644849674407,0.0,1.289700042586517,0.0,0.0,0.0,0.43624562564701147,0.26331885932042925,0.43786960803986047,0.8518304345466566,0.0,0.0,0.40980802967510654,0.0,0.5796699703248934,0.0,0.0,0.0,0.40980802967510654,0.0,0.5796699703248934,0.0,0.0,0.0,0.2549269682589777,0.15488106141612887,0.19714432836566625,0.3825256419592273,0.0,0.0,31.981006189366713,0.0,68.01899381063329,0.0,0.0,0.0,31.981006189366713,0.0,68.01899381063329,0.0,0.0,0.0,19.975634631087672,12.005371558279043,23.075823444492723,44.94317036614056,0.0,0.0,35.166991381867156,0.0,64.83300861813285,0.0,0.0,0.0,35.166991381867156,0.0,64.83300861813285,0.0,0.0,0.0,21.92999571471917,13.236995667147985,22.011633042000415,42.82137557613243,0.0,0.0,41.416588309705375,0.0,58.58341169029463,0.0,0.0,0.0,41.416588309705375,0.0,58.58341169029463,0.0,0.0,0.0,25.763783354352267,15.652804955353112,19.92407394259056,38.659337747704065
2064,0.0,0.0,1.1890386878209769,0.0,3.011321744517413,0.0,0.0,0.0,1.1890386878209769,0.0,3.011321744517413,0.0,0.0,0.0,0.7430196981510024,0.44601898966997455,1.0213653320777007,1.9899564124397129,0.0,0.0,0.618278090439553,0.0,1.3849112888072825,0.0,0.0,0.0,0.618278090439553,0.0,1.3849112888072825,0.0,0.0,0.0,0.3858592507580989,0.23241883968145413,0.4699547269342148,0.9149565618730676,0.0,0.0,0.3404654269997102,0.0,0.6490125730002898,0.0,0.0,0.0,0.3404654269997102,0.0,0.6490125730002898,0.0,0.0,0.0,0.21201456767938975,0.12845085932032044,0.22045906316570218,0.4285535098345875,0.0,0.0,28.308015632816186,0.0,71.69198436718382,0.0,0.0,0.0,28.308015632816186,0.0,71.69198436718382,0.0,0.0,0.0,17.689427136550627,10.618588496265556,24.316135449097505,47.37584891808631,0.0,0.0,30.864684929191004,0.0,69.13531507080899,0.0,0.0,0.0,30.864684929191004,0.0,69.13531507080899,0.0,0.0,0.0,19.262245235304476,11.602439693886534,23.460324410810802,45.67499065999818,0.0,0.0,34.40858988271697,0.0,65.59141011728302,0.0,0.0,0.0,34.40858988271697,0.0,65.59141011728302,0.0,0.0,0.0,21.42691072256177,12.981679160155199,22.280340054624986,43.31107006265805
2065,0.0,0.0,1.0624442341910223,0.0,3.2303241276588133,0.0,0.0,0.0,1.0624442341910223,0.0,3.2303241276588133,0.0,0.0,0.0,0.6642812493213861,0.39816298486963625,1.095420019896772,2.1349041077620403,0.0,0.0,0.5369080893686977,0.0,1.480303615532865,0.0,0.0,0.0,0.5369080893686977,0.0,1.480303615532865,0.0,0.0,0.0,0.335420558049021,0.20148753131967673,0.5021012385172291,0.978202377015636,0.0,0.0,0.27112282432431384,0.0,0.7183551756756861,0.0,0.0,0.0,0.27112282432431384,0.0,0.7183551756756861,0.0,0.0,0.0,0.16910216709980175,0.10202065722451208,0.24377379796573811,0.47458137770994796,0.0,0.0,24.749628785774846,0.0,75.25037121422514,0.0,0.0,0.0,24.749628785774846,0.0,75.25037121422514,0.0,0.0,0.0,15.474425669572698,9.27520311620216,25.517799414286007,49.732571799939144,0.0,0.0,26.61634810387431,0.0,73.3836518961257,0.0,0.0,0.0,26.61634810387431,0.0,73.3836518961257,0.0,0.0,0.0,16.627930386978843,9.988417716895462,24.89085490120785,48.49279699491784,0.0,0.0,27.400591455728563,0.0,72.59940854427144,0.0,0.0,0.0,27.400591455728563,0.0,72.59940854427144,0.0,0.0,0.0,17.090038090771273,10.31055336495729,24.636606166659405,47.962802377612036
2066,0.0,0.0,0.9345902398400674,0.0,3.4526190259704648,0.0,0.0,0.0,0.9345902398400674,0.0,3.4526190259704648,0.0,0.0,0.0,0.5847546274302693,0.3498356124097981,1.1705909866822621,2.282028039288202,0.0,0.0,0.4554538965090742,0.0,1.5758782903267994,0.0,0.0,0.0,0.4554538965090742,0.0,1.5758782903267994,0.0,0.0,0.0,0.28492918129503664,0.17052471521403767,0.5343095725377244,1.041568717789075,0.0,0.0,0.20178022164891754,0.0,0.7876977783510826,0.0,0.0,0.0,0.20178022164891754,0.0,0.7876977783510826,0.0,0.0,0.0,0.12618976652021383,0.0755904551287037,0.2670885327657741,0.5206092455853083,0.0,0.0,21.302613648346288,0.0,78.6973863516537,0.0,0.0,0.0,21.302613648346288,0.0,78.6973863516537,0.0,0.0,0.0,13.328624006774763,7.973989641571529,26.681904503727772,52.01548184792595,0.0,0.0,22.421438475728422,0.0,77.57856152427156,0.0,0.0,0.0,22.421438475728422,0.0,77.57856152427156,0.0,0.0,0.0,14.026715233556143,8.394723242172287,26.30340699568185,51.27515452858971,0.0,0.0,20.392593028740155,0.0,79.60740697125985,0.0,0.0,0.0,20.392593028740155,0.0,79.60740697125985,0.0,0.0,0.0,12.753165458980781,7.63942756975938,26.99287227869383,52.61453469256602
2067,0.0,0.0,0.8054489948722505,0.0,3.6782788747861135,0.0,0.0,0.0,0.8054489948722505,0.0,3.6782788747861135,0.0,0.0,0.0,0.5044224926702989,0.30102650220195154,1.2469027905714327,2.431376084214681,0.0,0.0,0.3739149225181611,0.0,1.6716365896255634,0.0,0.0,0.0,0.3739149225181611,0.0,1.6716365896255634,0.0,0.0,0.0,0.2343847517078315,0.13953017081032973,0.5665801617527628,1.1050564278728003,0.0,0.0,0.13243761897352122,0.0,0.8570403810264791,0.0,0.0,0.0,0.13243761897352122,0.0,0.8570403810264791,0.0,0.0,0.0,0.08327736594062587,0.04916025303289532,0.2904032675658101,0.5666371134606688,0.0,0.0,17.96382426156522,0.0,82.03617573843478,0.0,0.0,0.0,17.96382426156522,0.0,82.03617573843478,0.0,0.0,0.0,11.250069302460435,6.7137549591047785,27.809510898493485,54.226664839941286,0.0,0.0,18.27941854792504,0.0,81.72058145207495,0.0,0.0,0.0,18.27941854792504,0.0,81.72058145207495,0.0,0.0,0.0,11.458266893616276,6.82115165430877,27.698161517281495,54.022419934793454,0.0,0.0,13.384594601751749,0.0,86.61540539824824,0.0,0.0,0.0,13.384594601751749,0.0,86.61540539824824,0.0,0.0,0.0,8.416292827190283,4.968301774561467,29.349138390728246,57.26626700752
2068,0.0,0.0,0.6749921797739995,0.0,3.9073777030168486,0.0,0.0,0.0,0.6749921797739995,0.0,3.9073777030168486,0.0,0.0,0.0,0.4232671237583596,0.25172505601563977,1.3243805299805638,2.582997173036285,0.0,0.0,0.2922905739280394,0.0,1.7675797988006914,0.0,0.0,0.0,0.2922905739280394,0.0,1.7675797988006914,0.0,0.0,0.0,0.18378689791757305,0.10850367601046641,0.5989134419487064,1.1686663568519848,0.0,0.0,0.06309501629812488,0.0,0.9263829837018751,0.0,0.0,0.0,0.06309501629812488,0.0,0.9263829837018751,0.0,0.0,0.0,0.04036496536103793,0.022730050937086944,0.313718002365846,0.6126649813360292,0.0,0.0,14.730198500757036,0.0,85.26980149924296,0.0,0.0,0.0,14.730198500757036,0.0,85.26980149924296,0.0,0.0,0.0,9.23686072021259,5.493337780544443,28.901650540134106,56.36815095910885,0.0,0.0,14.189755714620004,0.0,85.81024428538,0.0,0.0,0.0,14.189755714620004,0.0,85.81024428538,0.0,0.0,0.0,8.922255514268537,5.267500200351468,29.075297643866776,56.73494664151322,0.0,0.0,6.376596174763348,0.0,93.62340382523665,0.0,0.0,0.0,6.376596174763348,0.0,93.62340382523665,0.0,0.0,0.0,4.0794201953997895,2.2971759793635576,31.70540450276267,61.91799932247398
2069,0.0,0.0,0.4175217096334486,0.0,4.265660310578798,0.0,0.0,0.0,0.4175217096334486,0.0,4.265660310578798,0.0,0.0,0.0,0.2618576561818103,0.15566405345163828,1.4459705113014634,2.8196897992773344,0.0,0.0,0.1949471586517086,0.0,1.8793423066861228,0.0,0.0,0.0,0.1949471586517086,0.0,1.8793423066861228,0.0,0.0,0.0,0.12257889977916989,0.07236825887253873,0.6369243999883591,1.2424179066977636,0.0,0.0,0.04206334419874991,0.0,0.94741465580125,0.0,0.0,0.0,0.04206334419874991,0.0,0.94741465580125,0.0,0.0,0.0,0.02690997690735864,0.015153367291391266,0.32096800157723065,0.6264466542240195,0.0,0.0,8.915342342694723,0.0,91.08465765730529,0.0,0.0,0.0,8.915342342694723,0.0,91.08465765730529,0.0,0.0,0.0,5.591447333280089,3.3238950094146333,30.875812749979993,60.208844907325286,0.0,0.0,9.398262002934018,0.0,90.601737997066,0.0,0.0,0.0,9.398262002934018,0.0,90.601737997066,0.0,0.0,0.0,5.9094404048957525,3.488821598038265,30.70566623567293,59.896071761393046,0.0,0.0,4.251064116508898,0.0,95.7489358834911,0.0,0.0,0.0,4.251064116508898,0.0,95.7489358834911,0.0,0.0,0.0,2.719613463599862,1.5314506529090353,32.438113993159085,63.310821890332015
2070,0.0,0.0,0.20099870442700984,0.0,4.585213320229906,0.0,0.0,0.0,0.20099870442700984,0.0,4.585213320229906,0.0,0.0,0.0,0.12607156723821047,0.07492713718879938,1.5544297906239823,3.030783529605924,0.0,0.0,0.08905285797117939,0.0,1.999756633624016,0.0,0.0,0.0,0.08905285797117939,0.0,1.999756633624016,0.0,0.0,0.0,0.05602008017449791,0.03303277779668149,0.6778686303533098,1.3218880032707068,0.0,0.0,0.021031672099375058,0.0,0.968446327900625,0.0,0.0,0.0,0.021031672099375058,0.0,0.968446327900625,0.0,0.0,0.0,0.013454988453679378,0.007576683645695679,0.3282180007886153,0.6402283271120096,0.0,0.0,4.199536154928653,0.0,95.80046384507136,0.0,0.0,0.0,4.199536154928653,0.0,95.80046384507136,0.0,0.0,0.0,2.634057300193413,1.5654788547352387,32.47724468987364,63.3232191551977,0.0,0.0,4.263330779063577,0.0,95.7366692209364,0.0,0.0,0.0,4.263330779063577,0.0,95.7366692209364,0.0,0.0,0.0,2.681914286578434,1.5814164924851426,32.45239133012703,63.28427789080939,0.0,0.0,2.125532058254459,0.0,97.87446794174554,0.0,0.0,0.0,2.125532058254459,0.0,97.87446794174554,0.0,0.0,0.0,1.359806731799937,0.7657253264545224,33.1708234835555,64.70364445819004
