Year,"high-performance AC with high growth, no ReFuelEU, no H2 AC - CO2 emissions, total [kg]","high-performance AC with high growth, no ReFuelEU, no H2 AC - CO2 emissions, contribution aircraft system [kg]","high-performance AC with high growth, no ReFuelEU, no H2 AC - CO2 emissions, contribution fossil kerosene well-to-tank [kg]","high-performance AC with high growth, no ReFuelEU, no H2 AC - CO2 emissions, contribution fossil kerosene tank-to-wake [kg]","high-performance AC with high growth, no ReFuelEU, no H2 AC - CO2 emissions, contribution AAF well-to-tank infrastructure [kg]","high-performance AC with high growth, no ReFuelEU, no H2 AC - CO2 emissions, contribution AAF well-to-tank operations [kg]","high-performance AC with high growth, no ReFuelEU, no H2 AC - CO2 emissions, contribution AAF tank-to-wake [kg]","high-performance AC with high growth, ReFuelEU extended, no H2 AC - CO2 emissions, total [kg]","high-performance AC with high growth, ReFuelEU extended, no H2 AC - CO2 emissions, contribution aircraft system [kg]","high-performance AC with high growth, ReFuelEU extended, no H2 AC - CO2 emissions, contribution fossil kerosene well-to-tank [kg]","high-performance AC with high growth, ReFuelEU extended, no H2 AC - CO2 emissions, contribution fossil kerosene tank-to-wake [kg]","high-performance AC with high growth, ReFuelEU extended, no H2 AC - CO2 emissions, contribution AAF well-to-tank infrastructure [kg]","high-performance AC with high growth, ReFuelEU extended, no H2 AC - CO2 emissions, contribution AAF well-to-tank operations [kg]","high-performance AC with high growth, ReFuelEU extended, no H2 AC - CO2 emissions, contribution AAF tank-to-wake [kg]","high-performance AC with high growth, ReFuelEU extended, with H2 AC - CO2 emissions, total [kg]","high-performance AC with high growth, ReFuelEU extended, with H2 AC - CO2 emissions, contribution aircraft system [kg]","high-performance AC with high growth, ReFuelEU extended, with H2 AC - CO2 emissions, contribution fossil kerosene well-to-tank [kg]","high-performance AC with high growth, ReFuelEU extended, with H2 AC - CO2 emissions, contribution fossil kerosene tank-to-wake [kg]","high-performance AC with high growth, ReFuelEU extended, with H2 AC - CO2 emissions, contribution AAF well-to-tank infrastructure [kg]","high-performance AC with high growth, ReFuelEU extended, with H2 AC - CO2 emissions, contribution AAF well-to-tank operations [kg]","high-performance AC with high growth, ReFuelEU extended, with H2 AC - CO2 emissions, contribution AAF tank-to-wake [kg]","mid-performance AC with low growth, no ReFuelEU, no H2 AC - CO2 emissions, total [kg]","mid-performance AC with low growth, no ReFuelEU, no H2 AC - CO2 emissions, contribution aircraft system [kg]","mid-performance AC with low growth, no ReFuelEU, no H2 AC - CO2 emissions, contribution fossil kerosene well-to-tank [kg]","mid-performance AC with low growth, no ReFuelEU, no H2 AC - CO2 emissions, contribution fossil kerosene tank-to-wake [kg]","mid-performance AC with low growth, no ReFuelEU, no H2 AC - CO2 emissions, contribution AAF well-to-tank infrastructure [kg]","mid-performance AC with low growth, no ReFuelEU, no H2 AC - CO2 emissions, contribution AAF well-to-tank operations [kg]","mid-performance AC with low growth, no ReFuelEU, no H2 AC - CO2 emissions, contribution AAF tank-to-wake [kg]","mid-performance AC with low growth, ReFuelEU extended, no H2 AC - CO2 emissions, total [kg]","mid-performance AC with low growth, ReFuelEU extended, no H2 AC - CO2 emissions, contribution aircraft system [kg]","mid-performance AC with low growth, ReFuelEU extended, no H2 AC - CO2 emissions, contribution fossil kerosene well-to-tank [kg]","mid-performance AC with low growth, ReFuelEU extended, no H2 AC - CO2 emissions, contribution fossil kerosene tank-to-wake [kg]","mid-performance AC with low growth, ReFuelEU extended, no H2 AC - CO2 emissions, contribution AAF well-to-tank infrastructure [kg]","mid-performance AC with low growth, ReFuelEU extended, no H2 AC - CO2 emissions, contribution AAF well-to-tank operations [kg]","mid-performance AC with low growth, ReFuelEU extended, no H2 AC - CO2 emissions, contribution AAF tank-to-wake [kg]","mid-performance AC with low growth, ReFuelEU extended, with H2 AC - CO2 emissions, total [kg]","mid-performance AC with low growth, ReFuelEU extended, with H2 AC - CO2 emissions, contribution aircraft system [kg]","mid-performance AC with low growth, ReFuelEU extended, with H2 AC - CO2 emissions, contribution fossil kerosene well-to-tank [kg]","mid-performance AC with low growth, ReFuelEU extended, with H2 AC - CO2 emissions, contribution fossil kerosene tank-to-wake [kg]","mid-performance AC with low growth, ReFuelEU extended, with H2 AC - CO2 emissions, contribution AAF well-to-tank infrastructure [kg]","mid-performance AC with low growth, ReFuelEU extended, with H2 AC - CO2 emissions, contribution AAF well-to-tank operations [kg]","mid-performance AC with low growth, ReFuelEU extended, with H2 AC - CO2 emissions, contribution AAF tank-to-wake [kg]","low-performance AC with degrowth, no ReFuelEU, no H2 AC - CO2 emissions, total [kg]","low-performance AC with degrowth, no ReFuelEU, no H2 AC - CO2 emissions, contribution aircraft system [kg]","low-performance AC with degrowth, no ReFuelEU, no H2 AC - CO2 emissions, contribution fossil kerosene well-to-tank [kg]","low-performance AC with degrowth, no ReFuelEU, no H2 AC - CO2 emissions, contribution fossil kerosene tank-to-wake [kg]","low-performance AC with degrowth, no ReFuelEU, no H2 AC - CO2 emissions, contribution AAF well-to-tank infrastructure [kg]","low-performance AC with degrowth, no ReFuelEU, no H2 AC - CO2 emissions, contribution AAF well-to-tank operations [kg]","low-performance AC with degrowth, no ReFuelEU, no H2 AC - CO2 emissions, contribution AAF tank-to-wake [kg]","low-performance AC with degrowth, ReFuelEU extended, no H2 AC - CO2 emissions, total [kg]","low-performance AC with degrowth, ReFuelEU extended, no H2 AC - CO2 emissions, contribution aircraft system [kg]","low-performance AC with degrowth, ReFuelEU extended, no H2 AC - CO2 emissions, contribution fossil kerosene well-to-tank [kg]","low-performance AC with degrowth, ReFuelEU extended, no H2 AC - CO2 emissions, contribution fossil kerosene tank-to-wake [kg]","low-performance AC with degrowth, ReFuelEU extended, no H2 AC - CO2 emissions, contribution AAF well-to-tank infrastructure [kg]","low-performance AC with degrowth, ReFuelEU extended, no H2 AC - CO2 emissions, contribution AAF well-to-tank operations [kg]","low-performance AC with degrowth, ReFuelEU extended, no H2 AC - CO2 emissions, contribution AAF tank-to-wake [kg]","low-performance AC with degrowth, ReFuelEU extended, with H2 AC - CO2 emissions, total [kg]","low-performance AC with degrowth, ReFuelEU extended, with H2 AC - CO2 emissions, contribution aircraft system [kg]","low-performance AC with degrowth, ReFuelEU extended, with H2 AC - CO2 emissions, contribution fossil kerosene well-to-tank [kg]","low-performance AC with degrowth, ReFuelEU extended, with H2 AC - CO2 emissions, contribution fossil kerosene tank-to-wake [kg]","low-performance AC with degrowth, ReFuelEU extended, with H2 AC - CO2 emissions, contribution AAF well-to-tank infrastructure [kg]","low-performance AC with degrowth, ReFuelEU extended, with H2 AC - CO2 emissions, contribution AAF well-to-tank operations [kg]","low-performance AC with degrowth, ReFuelEU extended, with H2 AC - CO2 emissions, contribution AAF tank-to-wake [kg]"
2024,148717083178.6976,651671810.4041839,19823570385.643616,127844763494.14995,168088525.7859791,168769629.82891476,60219332.88492899,148591322697.13477,651671810.4041839,19823570385.643616,127844763494.14995,118321143.45335779,92776530.59869641,60219332.88492899,148591322697.13477,651671810.4041839,19823570385.643616,127844763494.14995,118321143.45335779,92776530.59869641,60219332.88492899,134367189187.77063,588791197.1195698,17910769734.397305,115508865262.2583,151869457.50838464,152484840.98577386,54408695.501295485,134253563489.5165,588791197.1195698,17910769734.397305,115508865262.2583,106904191.01487593,83824409.22513798,54408695.501295485,134253563489.5165,588791197.1195698,17910769734.397305,115508865262.2583,106904191.01487593,83824409.22513798,54408695.501295485,123930902648.91466,543059842.0034866,16519641988.036348,106537302911.79163,140073771.4883159,140641358.19076228,50182777.40410749,123826102247.61229,543059842.0034866,16519641988.036348,106537302911.79163,98600952.87779815,77313775.49891365,50182777.40410749,123826102247.61229,543059842.0034866,16519641988.036348,106537302911.79163,98600952.87779815,77313775.49891365,50182777.40410749
2025,152097256200.19278,1079490856.8306017,20076933408.065304,130741899613.5245,3717947.881987147,133630389.06653188,61583984.823868595,158697439546.4736,1079490856.8306017,19685237358.583286,128191157199.85393,4608656000.365881,2669538737.885163,2463359392.954744,158697439546.4736,1079490856.8306017,19685237358.583286,128191157199.85393,4608656000.365881,2669538737.885163,2463359392.954744,134111269177.7082,667448910.6550124,17741004024.907776,115530221678.96622,27407.080991113427,118148400.98140542,54418755.116815224,139944466566.34137,667448910.6550124,17394881385.102173,113276255373.07343,4070150589.05214,2358980103.7860208,2176750204.6726093,139944466566.34137,667448910.6550124,17394881385.102173,113276255373.07343,4070150589.05214,2358980103.7860208,2176750204.6726093,118733212029.36592,153636937.3602562,15764844997.063862,102661384591.77747,0.0,104988418.17942388,48357084.98489153,123913219074.23863,153636937.3602562,15457276735.49033,100658486143.01343,3613260742.1068087,2096275116.8721528,1934283399.3956609,123913219074.23863,153636937.3602562,15457276735.49033,100658486143.01343,3613260742.1068087,2096275116.8721528,1934283399.3956609
2026,155247772656.00748,1043989445.4653251,20382975047.191887,133639035732.89912,3676779.5964685227,115147014.09185354,62948636.76280822,159384120757.545,1043989445.4653251,19822162827.284157,129962123794.27504,2013427185.4921856,3017293846.31102,3525123658.71726,159384120757.545,1043989445.4653251,19822162827.284157,129962123794.27504,2013427185.4921856,3017293846.31102,3525123658.71726,133975483996.56065,645515521.54212,17624228729.809288,115551578095.6741,27103.60644782015,99705731.1963578,54428814.73233496,137466767154.59433,645515521.54212,17139319985.367308,112372320069.02974,1652179784.9110317,2609418168.7333994,3048013625.0107574,137466767154.59433,645515521.54212,17139319985.367308,112372320069.02974,1652179784.9110317,2609418168.7333994,3048013625.0107574,115392778461.07591,262525550.37767157,15218501346.26857,99778655495.89378,0.0,86096849.28049107,46999219.255412236,118304463842.34225,262525550.37767157,14799783200.173134,97033369826.9222,1322999451.2614326,2253829535.3047366,2631956278.3030853,118304463842.34225,262525550.37767157,14799783200.173134,97033369826.9222,1322999451.2614326,2253829535.3047366,2631956278.3030853
2027,158391338270.78482,1008488034.1000497,20682996601.401253,136536171852.27367,3635611.310949919,95732882.99716358,64313288.701747835,162255309742.12897,1008488034.1000497,19948382915.208412,131686713022.10287,2072513104.2198863,2908655879.9719276,4630556786.525845,162255309742.12897,1008488034.1000497,19948382915.208412,131686713022.10287,2072513104.2198863,2908655879.9719276,4630556786.525845,133839647576.8618,623582132.4292275,17507409057.285362,115572934512.38202,26800.13190450732,81256200.28544876,54438874.34785469,136994322087.27583,623582132.4292275,16885585123.78498,111468042891.38193,1634085290.5130782,2463427696.121073,3919598953.045538,136994322087.27583,623582132.4292275,16885585123.78498,111468042891.38193,1634085290.5130782,2463427696.121073,3919598953.045538,110686649402.14044,143614543.07879898,14527695922.366413,95902737175.87964,0.0,67428233.97939405,45173526.83619628,113113876495.0583,143614543.07879898,14011704721.52198,92496486880.98845,1163410419.8826075,2046165997.3803291,3252493932.2061315,113113876495.0583,143614543.07879898,14011704721.52198,92496486880.98845,1163410419.8826075,2046165997.3803291,3252493932.2061315
2028,162778910664.6132,1079126439.525445,21126418096.2346,140426497195.77872,4826681.323015976,75896484.42094651,66145767.33042414,165961237661.70392,1079126439.525445,20206959179.590073,134314888763.5462,2206026092.943919,2333409661.0209618,5820827525.077323,165961237661.70392,1079126439.525445,20206959179.590073,134314888763.5462,2206026092.943919,2333409661.0209618,5820827525.077323,133703760008.80225,601648743.3163352,17390545007.336,115594290929.08992,26496.657361233614,62799898.43927264,54448933.96337443,136129952203.27176,601648743.3163352,16633677865.946186,110563423840.13,1615976979.3138614,1923718585.7884064,4791506188.776949,136129952203.27176,601648743.3163352,16633677865.946186,110563423840.13,1615976979.3138614,1923718585.7884064,4791506188.776949,106103712747.82668,138603345.93806946,13844944437.408522,92026818855.86548,0.0,49998274.19763843,43347834.41698032,107794506145.97241,138603345.93806946,13242388076.200645,88021649651.03288,1041814616.0679735,1535441028.0385647,3814609428.6942673,107794506145.97241,138603345.93806946,13242388076.200645,88021649651.03288,1041814616.0679735,1535441028.0385647,3814609428.6942673
2029,164554195243.0938,835225391.2625667,21264979455.06833,142330444091.02283,2335149.6547792885,54168563.505654335,67042592.57962708,166301448767.62903,835225391.2625667,20169285165.987766,134996759377.97864,2109644032.478777,1218105171.6400566,6972429628.281217,166301448767.62903,835225391.2625667,20169285165.987766,134996759377.97864,2109644032.478777,1218105171.6400566,6972429628.281217,132323110244.49533,477455534.09650975,17125248449.923319,114622458121.66736,0.0,43956971.91897276,53991166.88915749,133545754425.49458,477455534.09650975,16242856959.006807,108716448523.60246,1508724613.2953174,985187439.0210972,5615081356.472379,133545754425.49458,477455534.09650975,16242856959.006807,108716448523.60246,1508724613.2953174,985187439.0210972,5615081356.472379,102774754589.3979,235851968.90427366,13318635021.432798,89144089759.98178,0.0,34187870.39155613,41989968.687501036,103568953449.38416,235851968.90427366,12632382191.413998,84550872528.72708,1011856624.1707405,771033392.6679564,4366956743.500108,103568953449.38416,235851968.90427366,12632382191.413998,84550872528.72708,1011856624.1707405,771033392.6679564,4366956743.500108
2030,165810102496.50198,745756640.4081892,21312939054.08512,143650395722.47818,1600135.6005747556,31746608.19462732,67664335.73526485,165676153855.9477,745756640.4081892,20044184803.241634,135098921439.84943,2077124019.7946677,-409553335.578022,8119720288.231781,165676153855.9477,745756640.4081892,20044184803.241634,135098921439.84943,2077124019.7946677,-409553335.578022,8119720288.231781,131846789794.38754,522561988.3050454,16956574008.663025,114288252796.13658,0.0,25567256.733173087,53833744.54975149,131622914506.83131,522561988.3050454,15947153144.7156,107484699978.35754,1529780872.6335468,-321330823.1505966,6460049345.97018,131622914506.83131,522561988.3050454,15947153144.7156,107484699978.35754,1529780872.6335468,-321330823.1505966,6460049345.97018,98106952708.03487,128580951.65661184,12650959518.860142,85268171439.96764,0.0,19076521.282189988,40164276.268285066,97625174786.50494,128580951.65661184,11897850873.165113,80192177242.19066,819697435.3953255,-232844868.09696388,4819713152.194209,97625174786.50494,128580951.65661184,11897850873.165113,80192177242.19066,819697435.3953255,-232844868.09696388,4819713152.194209
2031,167248126538.0324,732108088.9749353,21410038180.482845,145013467657.28845,1641258.5486540291,22564962.683117956,68306390.05446422,169863075198.91266,732108088.9749353,19535722681.941326,132318441724.30922,7015916726.112071,-1761038672.01058,12021924649.585703,169863075198.91266,732108088.9749353,19535722681.941326,132318441724.30922,7015916726.112071,-1761038672.01058,12021924649.585703,131364993949.79578,510455640.590734,16824936720.392878,113957873235.4971,0.0,18050229.036306456,53678124.27875436,133283851295.12187,510455640.590734,15352018298.147379,103981571176.36153,5370977476.604113,-1378521169.6426582,9447349873.060766,133283851295.12187,510455640.590734,15352018298.147379,103981571176.36153,5370977476.604113,-1378521169.6426582,9447349873.060766,94822388954.29843,221561078.78683218,12163528633.570692,82385442344.08394,0.0,13050487.318153553,38806410.5388058,95949712212.2871,221561078.78683218,11098687457.545244,75173109972.79095,3614239659.342414,-987814211.0081472,6829928254.829819,95949712212.2871,221561078.78683218,11098687457.545244,75173109972.79095,3614239659.342414,-987814211.0081472,6829928254.829819
2032,168734243336.64474,718328146.8068161,21511609965.85341,146420436060.9139,1682604.2389391055,13217437.693441302,68969121.13816932,168509736937.12836,718328146.8068161,19025776097.863346,129500415685.69073,7104001832.589511,-3839620929.8773613,16000836104.05528,168509736937.12836,718328146.8068161,19025776097.863346,129500415685.69073,7104001832.589511,-3839620929.8773613,16000836104.05528,130888120660.45662,498333305.80353236,16694343926.59801,113631342394.33838,0.0,10576716.828118056,53524316.88857656,130511312705.94945,498333305.80353236,14765182622.423853,100500356855.02263,5303198508.309217,-2973400103.759533,12417641518.14976,130511312705.94945,498333305.80353236,14765182622.423853,100500356855.02263,5303198508.309217,-2973400103.759533,12417641518.14976,91444001936.87943,216161382.49385625,11680277730.56815,79502713248.20026,0.0,7401030.807844624,37448544.80932651,90798405238.17416,216161382.49385625,10330530779.21185,70315556289.5538,3317537596.259845,-2069443205.1089344,8688062395.763748,90798405238.17416,216161382.49385625,10330530779.21185,70315556289.5538,3317537596.259845,-2069443205.1089344,8688062395.763748
2033,170269251668.03226,704412574.4101249,21617674446.204132,147872091069.7933,1724170.2171822328,3696506.2393571883,69652901.16814125,166454249579.945,704412574.4101249,18513986319.11029,126641830871.17865,7196514190.722121,-6662529911.900845,20060035536.424675,166454249579.945,704412574.4101249,18513986319.11029,126641830871.17865,7196514190.722121,-6662529911.900845,20060035536.424675,130416187130.25726,486194833.23851466,16564790632.168655,113308683364.97717,0.0,3145966.616421327,53372333.25650297,127223381918.63333,486194833.23851466,14186554058.165453,97040753337.089,5236391069.500041,-5097743357.232527,15371231977.872852,127223381918.63333,486194833.23851466,14186554058.165453,97040753337.089,5236391069.500041,-5097743357.232527,15371231977.872852,86839979486.78128,119450365.84441969,11056010774.850903,75626794928.18608,0.0,2100565.509761721,35622852.390110545,84014334804.75812,119450365.84441969,9468679563.053898,64768920918.98678,2785775948.2790823,-3387873479.757904,10259381488.351835,84014334804.75812,119450365.84441969,9468679563.053898,64768920918.98678,2785775948.2790823,-3387873479.757904,10259381488.351835
2034,171853964060.82974,690357022.2399852,21728251435.026787,149369237042.8212,1765953.8686140447,-6005502.152261987,70358109.02541278,163678537255.51944,690357022.2399852,17999992184.294327,123739598070.4912,7293470082.586154,-10248069608.834225,24203189504.741993,163678537255.51944,690357022.2399852,17999992184.294327,123739598070.4912,7293470082.586154,-10248069608.834225,24203189504.741993,129949210647.62006,474040070.95784694,16436271795.181948,112989919378.2844,0.0,-4242781.129239544,53222184.32508226,123428020016.51,474040070.95784694,13616041066.944124,93602454472.45569,5170547928.651914,-7743494930.327873,18308431407.82829,123428020016.51,474040070.95784694,13616041066.944124,93602454472.45569,5170547928.651914,-7743494930.327873,18308431407.82829,83562801846.99387,205361989.90790492,10581839902.933163,72744065832.3024,0.0,-2730864.810246527,34264986.66063126,78741688477.57146,205361989.90790492,8766146512.885101,60262217617.95537,2689442266.6581926,-4968635321.09227,11787155411.257153,78741688477.57146,205361989.90790492,8766146512.885101,60262217617.95537,2689442266.6581926,-4968635321.09227,11787155411.257153
2035,170802879844.33417,650508489.8810973,21507274531.096245,148590722262.85364,0.0,-15616840.966851115,69991401.47002004,157036662000.13635,650508489.8810973,17214426838.296143,118932043832.199,6630218150.416455,-14387095898.664368,27996560588.008015,155308919579.74997,674508030.0932791,17202878656.4581,118852259074.82977,5331807273.01119,-12946088920.695656,26193555466.053284,128246221314.03127,444369157.56770045,16154133693.948303,111606628243.10587,0.0,-11480386.64945247,52570606.058836736,117688549626.6251,444369157.56770045,12929771841.079178,89329967578.27383,4753803402.358728,-10797604776.189018,21028242423.534695,116521559632.92668,460706884.1167967,12956051524.695623,89511530200.89998,3666387078.8991466,-9505740158.814638,19432624103.12979,81997303218.4038,359031135.3749338,10319064477.117374,71292959110.87589,0.0,-7332969.857530609,33581464.893131256,75107518214.20372,359031135.3749338,8259381272.330064,57062898738.06973,2875954719.9150195,-6882333608.738518,13432585957.2525,74089147120.67973,372204771.8445527,8290894839.869803,57280621525.5405,1874917059.5837216,-5675772910.335451,11946281834.176594
2036,169865975677.85815,646711154.5739965,21323020412.866165,147845207847.43726,0.0,-18603975.25412543,69640238.23481622,152353108293.18073,646711154.5739965,16469606562.013683,114193597256.84998,6542499351.170255,-17255254666.503372,31755948635.076195,150205246965.5524,670571398.4729202,16447329869.643288,114039139672.98593,5233812629.394878,-14319193315.535542,28133586710.590908,126601648090.02501,439437288.5491946,15897447991.15417,110226480910.64153,0.0,-13638608.952963293,51920508.63308085,113283961125.02618,439437288.5491946,12278969333.837936,85137411968.99976,4607486392.768202,-12855095795.813757,23675751936.684868,112072534612.525,455593191.9422888,12329527237.089169,85487960041.91718,3545916197.941675,-10241744957.208675,20495282900.843346,80293856220.95729,354784519.0776628,10072962565.74899,69841852389.44936,0.0,-8641196.444347888,32897943.125631247,71681710208.85513,354784519.0776628,7780217209.3629,53944882485.89785,2730330253.322098,-8129966324.09322,15001462065.287848,70684230986.22495,367801722.93212545,7840821401.36015,54365087465.71641,1759652347.648075,-5692336293.135476,12043204341.703663
2037,168968281050.58997,642889395.5745872,21144364070.53651,147133287803.1339,0.0,-21565117.77259232,69304899.11756472,147527783820.2774,642889395.5745872,15739276506.73253,109521927089.07616,6460065864.147911,-20320483383.446896,35484108348.19314,145003924407.2847,666609432.4407805,15707089272.786612,109297951870.90675,5141039757.140595,-15834555442.511244,30025789516.52119,124962170166.05048,434499504.07798696,15642642204.468075,108849496243.70763,0.0,-15739687.1360776,51271900.93285752,108794648347.66655,434499504.07798696,11643947774.011253,81024537474.0555,4462697731.132728,-15022247413.233967,26251213277.62305,107563221310.35367,450473363.7375394,11716799959.940916,81531480203.74548,3426820775.436014,-11059020499.251623,21496667506.74532,78591968487.44882,350537902.7803923,9828359353.968988,68390745668.02283,0.0,-9888858.681519136,32214421.35813125,68231425215.99502,350537902.7803923,7315957338.021937,50908168861.4397,2585859249.876928,-9422881871.487143,16493783735.3632,67274382847.58958,363398674.0196986,7403252822.070341,51515615438.48313,1645324876.2691088,-5731131897.091064,12077922933.838362
2038,168628638631.82797,635230311.9444598,21036708956.121178,146912077497.3849,0.0,-24578834.98748371,69200701.36495136,143191401493.42096,635230311.9444598,15069818521.843681,105241668322.28871,6593686863.812941,-23655000901.761208,39305998375.29237,140336226663.29453,658809182.5835546,15028537080.088078,104953375016.37984,5264256630.625623,-17563620586.447666,31994869340.065094,123788152210.78741,426111930.0814635,15447791670.924877,107881283705.35886,0.0,-17850934.70916558,50815839.13136767,104785652342.2916,426111930.0814635,11066151912.338379,77281639953.01346,4506649566.576861,-17358297646.335392,28863396626.616844,103557449844.4565,441903523.2228254,11159331983.303993,77932372814.10239,3496312891.031347,-12018025909.245703,22545554542.04163,77313213524.80885,343114952.3683523,9638443383.444475,67311086741.57554,0.0,-11137417.00877186,31705864.429267358,65274858057.57081,343114952.3683523,6904577751.421954,48218847530.73344,2613996351.858459,-10814609524.635258,18008930995.823856,64376377963.55473,355819290.99250233,7016188805.791023,48998295109.87878,1703389287.7257898,-5847132169.759355,12149817638.926003
2039,169027210447.46222,645089000.7413602,21019217512.79228,147321212423.15308,0.0,-27701907.37826836,69393418.15378417,139369314824.0588,645089000.7413602,14468455876.739456,101407697996.12737,6863096245.471296,-27316517222.982002,43301492927.961334,136174578874.09213,669278570.3946086,14418572572.45923,101058071809.43591,5480739093.66349,-19512797649.563343,34060714477.70224,123261397213.28378,433570234.08565813,15332631201.080162,107464600754.30869,0.0,-20024543.150644295,50619566.95993912,101311663367.98776,433570234.08565813,10554127330.008154,73972631634.78175,4677687265.702963,-19912962879.59278,31586609783.00202,100062720866.65245,449859564.2874365,10666660249.24895,74761361571.5637,3648021098.1197195,-13110738951.515688,23647557334.948322,76640450663.30234,350312697.79587805,9523318716.403759,66747815837.52349,0.0,-12437132.651189573,31440544.2303915,62882843671.53293,350312697.79587805,6555320937.354462,45945470031.23177,2765457275.783142,-12352616870.396626,19618899599.764297,62014306152.535225,363487999.1053215,6690231196.125938,46891040097.2173,1838051497.7492158,-6026508693.826576,12258004056.164022
2040,169451973871.6236,641089878.9075925,21006341843.24186,147765788665.72552,0.0,-30849345.287665002,69602829.03626765,135081489330.42603,641089878.9075925,13871121177.128187,97574207623.19041,6889322514.613597,-31224175608.075775,47329923744.662,131636167096.12486,665126826.7268205,13813477760.883022,97168724130.3283,5496359802.3007145,-21649469758.51471,36141948334.40072,122726267434.9365,428527487.1001048,15218358825.539253,107051137739.01947,0.0,-22181428.21264842,50424811.49031485,97470622542.23016,428527487.1001048,10049141395.553684,70689095455.48058,4621341533.116064,-22606355142.434376,34288871813.414097,96267917789.7882,444625618.22434723,10179009855.77246,71602634594.76697,3618050978.9755297,-14316328865.691914,24739925607.740803,75956768581.28522,345985968.8089904,9408775794.219975,66184544933.47146,0.0,-13713339.24670209,31175224.031515643,60203151674.850685,345985968.8089904,6212898473.421892,43703651481.83206,2702509063.0346913,-13961045653.6776,21199152341.430637,59428103982.06039,358997015.8725198,6368661437.15304,44799341409.77868,1806083703.6379933,-6256522244.205806,12351542659.823952
2041,169940279783.83307,642704526.6229202,21013252837.885376,148246444168.8047,0.0,-31950983.986005105,69829234.5060875,130144116750.12653,642704526.6229202,13539304479.8381,95518469279.34988,4002427196.403797,-33277203700.422474,49718414968.3343,126422983706.9151,666800712.4135691,13473467678.227455,95053997081.27931,2632624212.447069,-21977482293.0983,36573576315.645996,122211405409.17972,427221233.66315377,15115859951.11295,106640913979.10583,0.0,-22821336.52493553,50231581.82270569,93194783542.2873,427221233.66315377,9739483550.291882,68711104154.62147,2473377459.2973866,-23921289113.353058,35764886257.76646,92216508926.94464,443269780.6978047,9887552392.58744,69755715359.36234,1715304925.9124217,-14184375040.161957,24599041508.54658,75284330432.43134,344674894.5301817,9301514315.946846,65621274029.419395,0.0,-14042711.297743998,30909903.832639784,57278216982.071556,344674894.5301817,5993171805.372453,42281241095.493835,1355148216.2946799,-14703870558.459124,22007851528.83953,57674210943.29849,357636245.7846888,6170801189.067087,43534399029.47869,1612367186.7269711,-5667601415.033133,11666608707.274181
2042,170470151231.26645,644360746.2887462,21024956465.10336,148763828359.07977,0.0,-33067279.671253476,70072940.46581574,128029790977.57423,644360746.2887462,13210277798.9844,93470419419.2117,3965023054.28525,-35394557747.762726,52134267706.5669,124039565598.55574,668517720.2007419,13136719255.953625,92949949829.27762,2608921197.329399,-22341449729.551846,37016907325.34621,121700608394.7476,425914440.34048325,15014161544.428572,106233948910.10004,0.0,-23456387.233417273,50039887.11192374,90985009952.04482,425914440.34048325,9433610255.028656,66748294062.57412,2404089061.5610642,-25256573878.730766,37229676011.27126,90024953936.73283,441913383.1540888,9598710626.34384,67916475473.1334,1680654227.644125,-14065681903.119705,24452882129.57708,74612366670.53322,343363820.25137293,9194719566.612453,65058003125.36736,0.0,-14364425.331762124,30644583.633763928,55646003978.58801,343363820.25137293,5777172474.069654,40876864394.92818,1299409863.5394037,-15450376797.720966,22799570223.520367,56082954753.39612,356275475.6968578,5975245416.88899,42278345977.87748,1578618070.8963697,-5078834763.500523,10973304575.536932
2043,171042296721.81924,646059001.6037557,21041500236.955494,149318602352.9202,0.0,-34199127.98450257,70334258.32427076,125888707481.56586,646059001.6037557,12883840065.049286,91428698989.4819,3928789986.8919954,-37578065021.09519,54579384459.6341,121646067808.37639,670278331.077588,12803031260.551338,90855248541.10315,2586758988.883085,-22742838276.173527,37473588962.93476,121193894576.43996,424607096.50529367,14913262310.461903,105830262084.14755,0.0,-24086651.242490694,49849736.567709975,88764021604.37048,424607096.50529367,9131482275.140253,64800520655.82622,2335822559.239335,-26611806558.88356,38683395576.54294,87825233506.99184,440556414.5701439,9312453537.664375,66084762543.61165,1645957309.3067415,-13960098995.030329,24301602696.86925,73940877295.59082,342052745.9725642,9088391546.216797,64494732221.31533,0.0,-14678481.348756477,30379263.434888072,54016632793.430885,342052745.9725642,5564878065.317339,39490521380.13505,1244841861.4271138,-16199969684.894339,23574308425.47315,54494714043.40994,354914705.6090268,5781983072.008957,41031182254.975044,1544868955.0657592,-4489865208.861046,10271630264.612204
2044,171799150768.4785,647799759.4904685,21062932241.886242,149911439166.79022,144302987.2369002,-37936892.02098903,70613505.09562962,123820144719.92651,647799759.4904685,12559787509.919159,89391913700.2571,3996553790.8226066,-39831622157.831535,57055712117.26874,119341910848.83557,672083029.3774031,12472199809.992691,88768524800.81534,2668972154.4897428,-23185177386.676617,37945308440.83702,120808339088.36952,423299191.4226921,14813160938.269451,105429873170.70663,119182221.36433539,-26837572.848657206,49661139.45506376,86623403627.70483,423299191.4226921,8833060449.43331,62867638228.85558,2361582562.7137914,-27988377484.41205,40126200679.69152,85624448506.61774,439198863.8107904,9028750184.600267,64260422931.96109,1619083501.9883354,-13868366656.181602,24145359680.438843,73343580195.27715,340741671.6937553,8982530254.759878,63931461317.2633,75007704.0820644,-16274695.75786317,30113943.23601222,52474819810.55385,340741671.6937553,5356266164.919346,38122212051.11448,1277238119.5525668,-16953704331.424181,24332066134.697872,52916556286.94332,353553935.5211957,5591003105.817199,39792907860.771385,1518378365.0608633,-3900872754.7273273,9561585774.5
2045,172317579576.47418,649583490.0610615,21089301150.08077,150543023931.45038,3841097.5357819884,-39081096.1541183,70911003.5003246,125476834348.3202,649583490.0610615,12237913623.858776,87358633196.83965,7885049882.89153,-42219588785.60346,59565242940.272675,120779970778.9962,673932302.7420769,12144018331.504648,86688374796.93698,6572305137.322467,-23732453266.22578,38433793476.715805,120190739580.17023,421990714.2487942,14713856100.844093,105032801957.25243,1568.4659222972862,-27384865.735586718,49474105.09457456,87784799119.0711,421990714.2487942,8538305691.335242,60949499885.14899,5757631931.306009,-29440877382.410553,41558248279.44263,85836189395.83,437840719.62779343,8747569703.886433,62443301743.50808,4058434486.123054,-13835268060.935385,23984310803.62004,72598083071.5559,339430597.4149467,8877135692.241693,63368190413.21126,0.0,-16522254.349130444,29848623.03713636,53871301267.15203,339430597.4149467,5151314358.6795225,36771936407.86646,4295450328.163028,-17759673776.16647,25072843351.194546,51587766859.437515,352193165.4333648,5402294469.703926,38563522795.26651,1749650498.0266988,-3323065174.1933117,8843171105.200321
2046,173013147033.22113,652092552.6376959,21112262843.847214,151214054110.01477,3806634.2462127623,-40296189.59251677,71227082.06775576,124131745298.84225,652092552.6376959,11068359910.131004,79275802254.77515,14164296222.857367,-48836987770.06244,67808182128.50349,119208979039.28644,676534283.0629886,10975738302.205582,78612411080.83125,12792204406.20171,-28439205736.22706,44591296703.211945,119691048704.1771,421120664.4546164,14609538298.15916,104639068349.98479,1567.3289092047833,-27968818.613127314,49288642.86275528,85596447894.67744,421120664.4546164,7659227682.076438,54858300965.87496,9514529045.922472,-33779518468.99407,46922788005.343025,84560243246.41547,436937647.87309885,7865124579.033037,56333012831.09565,8822587293.447592,-16765124562.31787,27867705457.28395,71924909087.47096,338471812.0402178,8768721772.378036,62804919509.15922,0.0,-16787308.94475691,29583302.83826051,51552927938.02641,338471812.0402178,4597108763.107644,32926240943.27106,5803030137.775648,-20275228020.192154,28163304302.024,48845158141.880035,351198094.2823677,4844002173.092107,34694585423.10861,2882904080.771373,-4537686741.604577,10610155112.230156
2047,172722998826.85507,955959043.4958438,20977621609.09427,150756992180.89554,2617451.2543305615,-41203247.87729165,71011789.99237937,114890775274.14871,955959043.4958438,9822438132.122177,70589567124.2212,13214149345.786594,-55247882923.368744,75556544551.89165,109159671472.07898,991169268.3332852,9729607241.674465,69922432113.10516,11290873507.776943,-32114112677.040226,49339702018.22935,119057280837.8691,490675357.0295649,14480568786.053516,104065514953.68715,1566.1918961105566,-28498304.34520775,49018479.25217838,79155944989.10043,490675357.0295649,6780296340.043066,48727024510.58086,9125842751.276922,-38123555894.14778,52155661924.317795,77943711246.8656,508653832.5310711,6981298038.268835,50171535809.92817,8370342159.700622,-19508277849.53266,31420159255.969563,71465438283.93803,99659708.312219,8715920278.438606,62637507232.76633,0.0,-17153381.408886634,29504445.829763725,47717096611.81854,99659708.312219,4081091235.9272294,29329017893.881577,5765225818.983551,-22950628408.154633,31392730362.868603,47850442935.39728,103196368.98140705,4306043417.641619,30945650843.590683,5805435893.242931,-6917368256.815892,13607484668.756533
2048,172179938402.32196,957719413.2283881,20849078780.54664,150340808480.89526,3636321.376585453,-42120346.71047245,70815752.98557037,106047573923.26273,957719413.2283881,8594117516.343388,61971398793.52563,13034570305.187784,-61789557616.05322,83279325511.03076,100094497046.9591,992996034.3249204,8503514675.952779,61318069962.14823,11118039653.590124,-35869831355.83462,54031708076.77766,118357281693.58302,489605424.60130244,14352606621.036709,103495339335.00417,1565.0548830197786,-29021158.806438513,48749906.69241208,72724736666.45523,489605424.60130244,5916232043.889068,42661410511.27736,8850816073.598728,-42523217657.18782,57329890270.276596,71435967078.31451,507544609.7244601,6108149197.896589,44045307632.03477,8151350553.162789,-22317834758.71747,34941449844.21337,71174593076.30981,176358366.57147095,8645370633.946678,62340980357.23648,0.0,-17481052.796398863,29364771.351601176,43775040392.7727,176358366.57147095,3563674538.4552593,25697332573.468163,5423680810.907612,-25618977006.112785,34532971109.48298,43654520556.673195,182726449.5450909,3769257509.4529467,27179772656.074364,5325615686.264182,-8999868843.088224,16197017098.424845
2049,171681656253.62537,959534506.0549407,20726678438.609116,149966238818.13815,1582576.3865777776,-43017403.20193288,70639317.63856299,96947254449.64694,959534506.0549407,7382388718.504098,53414688363.43891,12669595212.940756,-68462393469.76088,90983441118.46912,90812996286.47337,994879563.9450858,7296443475.499955,52792838370.647354,10760899566.877014,-39705922933.44417,58673858242.948135,117661692805.34871,488535572.6318729,14225649843.41315,102928561760.60153,0.0,-29537306.027596407,48482934.72976124,66191713122.32777,488535572.6318729,5066864776.643404,36660898435.99215,8504782862.176581,-46975388457.048706,62446019931.93247,64805896829.32441,506435470.3768602,5245546688.623464,37953737245.830956,7859620742.1977415,-25191589235.346275,38432145917.64167,70877050008.78685,99093493.66672213,8592944406.342985,62173568080.84359,0.0,-17841886.409554593,29285914.343104396,40001866437.9081,99093493.66672213,3060618517.917062,22144862668.11438,5359255282.088887,-28382221197.7974,37720257673.91845,39924817679.49691,102609928.88066696,3241574886.8627806,23454158131.029747,5437408909.563978,-11483322701.856398,19172388525.016136
2050,167875700524.3002,1018108737.3974276,20197269019.92491,146634187455.99258,96589.00974816467,-43031083.508722484,69069805.48427042,83681909083.03038,1018108737.3974276,6062211811.883416,44012262367.981766,9637186800.747044,-73745588312.95789,96697727677.9786,76551153232.35121,1084721911.868663,5977614884.121813,43398080235.17171,7021392390.3296175,-41083389134.670235,60152732945.52965,115807196939.65094,478168701.447048,13960005497.678104,101351032212.01875,0.0,-29749334.90383602,47739863.41087797,58308672145.00864,478168701.447048,4190096697.6522574,30420519923.56741,7348125449.24254,-50964047402.12977,66835808775.22916,56278902510.25685,509379894.35764354,4350823839.697361,31587415004.910202,6301325440.928783,-26899182731.371216,40429141061.73408,70522891085.62248,96938724.62688479,8524711403.169855,61890254997.71717,0.0,-18166503.912454084,29152464.021032922,35875976512.096596,96938724.62688479,2558692767.3346233,18576364681.65598,4961065283.834482,-31130534574.80146,40813449629.44608,35586655562.01156,103214888.87520462,2718093226.909398,19733627915.947723,4947773401.386242,-13701602756.823887,21785548885.716877
2051,165026293085.7059,870644579.4455583,19804618018.436806,144326129336.2146,99634.70953101116,-43181112.88495992,67982629.78435189,76969662680.56656,870644579.4455583,5349921825.890884,38987548695.12551,9105766079.336878,-76598857984.38602,99254639485.15375,70052228515.2795,927627346.7519944,5264522368.467402,38365200254.68248,6973242697.370293,-40570612259.74475,59092248107.752075,114296811833.14908,402527306.61532146,13740826048.580885,100136252849.09401,0.0,-29962031.19509419,47167660.05394459,53949113767.781715,402527306.61532146,3711878972.603141,27050313425.96837,7065767790.960776,-53146157407.124985,68864783678.7591,51891603675.12588,428797359.79396445,3864045412.5372148,28159226168.95143,6154682932.075658,-27109023817.622593,40393875619.39021,69994435133.8562,171645828.6810381,8423801124.503406,61388440285.28203,0.0,-18368196.437484715,28916091.827219374,33458875913.1437,171645828.6810381,2275564085.6587486,16583170462.257275,4806047182.536994,-32595045713.73064,42217494067.74029,32813618599.813835,182802065.7602097,2430248628.0874786,17710433874.058445,4479644927.38722,-14098687295.25762,22109176399.778103
2052,162653188868.43927,829452231.6077054,19458561419.646194,142341427338.8963,102730.1419097671,-43402617.924473874,67047766.071616694,71018422811.47763,829452231.6077054,4672390936.183178,34179032077.3738,8988141697.381762,-79563198559.92618,101912604428.85738,64050117949.44166,883746700.92717,4588691437.283333,33566761422.621,7009478734.083776,-40277534995.24224,58278974649.76862,112651164351.50941,449961656.4639846,13491687832.903347,98693118259.36626,0.0,-30091290.662071228,46487893.43792243,49351329051.408066,449961656.4639846,3239624892.3429747,23698197480.98839,6471426647.795868,-55169479651.82526,70661598025.6421,47054347212.181496,479330167.14624214,3382372979.378731,24742414780.528927,5492574778.001053,-26920280954.143936,39877935461.270485,69565075022.98528,96515473.5970918,8353280509.739038,61105127202.15561,0.0,-18630804.01158972,28782641.505147897,30917400356.278687,96515473.5970918,2005790217.446092,14672566811.923306,4567325867.8054695,-34174413102.318077,43749615087.82481,30432229539.884167,102764075.73491135,2148666000.646247,15717718222.36311,4469531553.692969,-15101879351.612528,23095429039.059456
2053,160341293366.00385,835613833.4864413,19115971687.282032,140367088133.29614,105876.13849316629,-43603947.7937117,66117783.5944287,64937823778.80904,835613833.4864413,4016362235.44695,29491834425.20479,8605771673.112774,-82477856467.63928,104466098079.19736,57849592534.12292,890313305.314241,3936295449.1315985,28903910262.356514,6674698208.32436,-39869902508.87717,57314277817.87337,110960803619.19615,449586015.28407407,13244234338.152374,97251379056.93288,0.0,-30204575.27106328,45808784.09787848,44983029363.777245,449586015.28407407,2782680551.2876415,20433006105.0084,6089361267.699192,-57149483450.15007,72377878874.64801,42563711934.18555,478929931.0409851,2914094623.642083,21397969381.68053,5165195894.92477,-26684397066.06223,39291919168.959404,69037227746.6045,170894754.56927004,8253296560.5788555,60603312489.720474,0.0,-18822327.575426176,28546269.311334353,27890103203.190163,170894754.56927004,1734059307.3752465,12733062153.918257,3775490295.8482146,-35626508820.42911,45103105511.90828,27170163868.311607,182001890.62257597,1867682360.7001753,13714245805.449772,3511630507.708802,-15505883395.422869,23400486699.25315
2054,158043855769.4918,841883614.9036098,18776858027.985504,138403298249.66507,408470.357228803,-43785363.6346597,65192770.21502777,58955554824.66538,841883614.9036098,3381525207.6412106,24925056213.046227,8232355023.844017,-85341408387.41524,106916143152.64557,51784393866.91405,896995194.0714766,3307029706.369634,24375953532.215313,6350968747.338032,-39344936104.62537,56198382791.54495,109273797053.6134,449211339.4230284,12998464532.327484,95811043614.11761,249143.23580394767,-30301911.468004636,45130335.97746858,40692493215.48704,449211339.4230284,2340894062.8503714,17254615158.120224,5718816452.330822,-59084794800.28589,74013751003.04848,38146640246.72246,478530723.1731175,2459077015.8361597,18125735899.712852,4847639300.8023,-26400302891.355156,38635960198.55319,68435307524.38437,170519217.51338574,8153832353.024177,60101497777.28535,156425.0192789816,-19008145.575333536,28309897.11752081,25343901757.74714,170519217.51338574,1468424035.5621321,10823681440.631672,3525784922.0705285,-37072739130.76471,46428231272.73413,24566429311.475838,181601803.053759,1590276096.905887,11721846999.712994,3292823810.968741,-15915236862.168228,23695117463.002686
2055,155760072990.26923,848263200.497161,18441229715.781666,136450247575.79848,2352.738724415823,-43942669.92402619,64272815.37717405,52545172572.35249,848263200.497161,2767568241.4879923,20477776024.38195,7334313908.804303,-88146534944.01483,109263786141.19592,44241895487.70131,903794098.4703864,2700588667.283355,19982181119.725292,4407763351.624535,-38683954688.81797,54931522939.41571,107589404580.02586,448837626.5344962,12754377372.874493,94372120353.47826,0.0,-30383325.905386824,44452553.04401059,36243322385.56724,448837626.5344962,1914113662.7625542,14162899502.773115,5119429364.844629,-60971297946.16556,75569340174.818,32642550829.247433,478132541.037785,2017186978.2815359,14925559023.737022,3367321014.774682,-26055841830.903522,37910193102.31994,68007401481.13978,95880597.05240135,8084418348.257323,59818184694.15892,0.0,-19258605.12430741,28176446.79544933,23217352207.592045,95880597.05240135,1213269386.9320633,8977216312.279972,3687771985.8697433,-38656745626.80601,47899959552.26387,21681574725.882774,102087856.02447008,1318069100.9933648,9752649792.038633,2790700019.6818686,-16941157211.890232,24659225169.03467
2056,153477252970.37286,854713300.398828,18094978723.611008,134508129417.4721,2298.0727673926162,-43928779.316465616,63358010.13461539,46902584675.612434,854713300.398828,2172483688.6776576,16149050055.124199,6935238850.8398905,-90718999056.35127,111510097836.92314,38561555477.08965,910668208.3337413,2115015841.9785812,15721865658.87749,4061940001.413389,-37761874274.636536,53513940041.122986,105898710919.00668,448443268.1139815,12502217807.368393,92934617748.10777,0.0,-30343343.87208675,43775439.28862616,32235975886.284393,448443268.1139815,1501016645.206809,11157732996.271057,4770995994.9959755,-62686986166.28546,77044773147.98204,28520259236.999542,477712401.0515751,1587053297.4171913,11797282195.356863,3103314128.2457147,-25559856322.12116,37114753537.049355,67474357966.22526,169759935.75121582,7979654890.968318,59316369981.7238,0.0,-19366916.819712386,27940074.601635788,20659642063.394234,169759935.75121582,958037605.7190566,7121525160.387041,3255442505.237144,-40019654442.57923,49174531298.879005,18909226138.081497,180792901.99261412,1046616583.5554428,7779972611.277791,2259813713.4517727,-17293255751.112793,24935286078.916668
2057,153845433609.05225,863883694.5522441,18063558793.10796,134899111114.46432,7630.225104656555,-44669799.41829239,63542176.12092242,44021101805.53322,863883694.5522441,1626533558.1587932,12146993497.050291,8604917364.028013,-94867986848.33493,115646760540.07881,36661638419.732994,920588415.4075949,1581719343.4472342,11812319815.129505,6608553803.591259,-40067692893.5535,55806149935.71089,105424886965.84164,449829697.3829229,12395109576.667912,92566989883.34793,0.0,-30644465.3271837,43602273.77006535,29537069633.979515,449829697.3829229,1116117920.8605404,8335196687.845222,5383305389.131012,-65103518322.75913,79356138261.51894,26256729208.090782,479289876.49736404,1180570478.5657208,8816530008.873852,4286753202.465875,-27116045324.320602,38609630966.008575,67150511399.405174,318669682.11168057,7891284109.3088875,58932308084.47502,0.0,-19509644.572232958,27759168.081832193,18530788350.84733,318669682.11168057,710570855.2654314,5306561008.106796,3127944812.0086355,-41454643915.57982,50521685908.9346,16871657060.830965,339509932.4203852,780564414.3872288,5829274666.993923,2327308241.6992764,-18016919990.992195,25611919796.32235
2058,154239513720.1907,870576356.1074892,18035046871.19156,135315565453.0703,9624.688661224514,-45422925.47522989,63738340.60793353,39247948140.21192,870576356.1074892,1082644134.3386617,8122995424.896658,8444081994.14282,-99100430112.18875,119828080342.91504,32055188371.03462,927721662.4258747,1051621746.338864,7890236840.797686,6493242858.216767,-42416691051.003914,58109056314.25933,104952281047.4663,449438707.75906426,12288757276.676102,92201597893.55154,0.0,-30942991.94685228,43430161.4264257,26054069299.813873,449438707.75906426,737694283.7424365,5534863305.26572,5212837910.084483,-67529468388.71815,81648703481.68031,22683819696.336456,478873220.5215842,780612717.4181163,5856877002.411215,4161569048.701314,-28678585441.823692,40084473149.10792,66677518446.89526,317951147.05363226,7803391728.639664,58548246187.22625,0.0,-19648877.586321868,27578261.56202859,16281546329.70977,317951147.05363226,468437722.5796692,3514652097.2822123,3019611431.434194,-42886237805.25369,51847131736.613754,14543762091.565643,338744201.7501748,517448998.1310122,3882379917.0196743,2273258594.7900543,-18753042051.53146,26284972431.406185
2059,154662555224.81097,877384994.6485921,18009456188.393677,135757950940.83913,5042.285757501777,-46188660.92486958,63946719.56866141,34490232845.48917,877384994.6485921,540553962.6331273,4074775916.1832685,8360980533.974949,-103420098525.15392,124056635963.20314,27435841075.277466,934978516.7168887,524467602.7122408,3953514550.036978,6409715809.137494,-44811454042.99447,60424618639.668335,104482682472.23817,449048619.0907495,12183158509.414278,91838455193.96843,0.0,-31238958.81203545,43259108.576756746,22650184132.24784,449048619.0907495,365677594.07946837,2756531921.7799454,5121690549.986245,-69965435191.59665,83922670638.90808,19153794552.58281,478457524.40630734,387111844.2908335,2918106477.846966,4078406382.5340295,-30247770795.75564,41539483119.260315,66205007390.113976,317232611.9955844,7715977748.960645,58164184289.97749,0.0,-19784615.861979112,27397355.042224996,14120451001.314873,317232611.9955844,231595130.03383648,1745798427.9132829,2989686933.972026,-44314730884.51636,53150868781.9165,12245384207.690994,337978471.07996505,257263228.69814956,1939288361.3550346,2258344715.8529935,-19501934553.46332,26954443984.168175
2060,155125160406.27426,880072842.0409701,17988473408.298107,136239408826.43944,3716.737838692163,-46971890.23060784,64173502.98857337,29514612644.37944,880072842.0409701,0.0,0.0,8126514312.388147,-107838980487.19643,128347005977.14674,22659120313.86811,937909835.4842179,0.0,0.0,6216450798.422364,-47277244763.682236,62782004443.64377,104022644738.46443,444829910.3398373,12079520461.252495,91486736489.19826,0.0,-31535559.15237649,43093436.826224856,19107604385.151512,444829910.3398373,0.0,0.0,4893358890.997732,-72417458068.63577,86186873652.44972,15529589366.845428,474021281.9017624,0.0,0.0,3900629885.426017,-31846710148.02685,43001648347.5445,65734827240.01746,312981997.33977324,7629669727.375229,57784875325.72261,0.0,-19918497.739420198,27218687.319274046,11835146250.673157,312981997.33977324,0.0,0.0,2827226433.6784124,-45742436818.89313,54437374638.548096,9842670592.414001,333503587.26797414,0.0,0.0,2150110176.6225553,-20285541720.73929,27644598549.26276
2061,155608983351.10345,898544764.3359377,17974254303.807518,136719345609.6689,3761.9021896038516,-47564658.52739326,64399569.91633095,23827241075.383713,898544764.3359377,0.0,0.0,2916145101.79086,-108786588623.405,128799139832.66193,17919900428.625305,957708851.4093676,0.0,0.0,1964659039.3039064,-46400582219.20518,61398114757.11721,103561693202.62228,454733214.68679875,11978963178.136036,91116770638.44308,0.0,-31692998.67852833,42919170.0348932,15028143933.847107,454733214.68679875,0.0,0.0,1236415736.2076156,-72501345086.83368,85838340069.78638,12629451859.747742,484676968.99912083,0.0,0.0,1422907848.156219,-30978112040.524414,41699979083.11681,65269346926.37702,321746955.84139884,7545610001.94739,57394918545.99427,0.0,-19963581.510701343,27035004.104667686,9241159784.837051,321746955.84139884,0.0,0.0,519427310.24414843,-45670022690.58386,54070008209.335365,8828251615.624268,342938230.6288972,0.0,0.0,1421632942.8925154,-19430709861.70546,26494390303.80832
2062,156111961056.93973,905778020.7409185,17963071497.535088,137226639180.4234,3865.1056262498532,-48170029.70840826,64638522.84308925,23379441220.172714,905778020.7409185,0.0,0.0,2954174523.5318613,-109757557010.2786,129277045686.17853,17438772765.858253,965417845.0843292,0.0,0.0,1976177810.2611225,-45515857509.85349,60013034620.366295,103093489694.50673,454372261.7537278,11879125570.065285,90749094808.53421,0.0,-31848927.769561857,42745981.923077896,14584842808.708641,454372261.7537278,0.0,0.0,1220964538.0597763,-72582457837.26065,85491963846.15579,12198053254.494713,484291952.11742526,0.0,0.0,1417457534.149251,-30101833686.91712,40398137455.14516,64794843690.52864,321043953.7721215,7461992875.708125,57004961766.26593,0.0,-20006226.10760963,26851320.89006132,8929020934.029556,321043953.7721215,0.0,0.0,498854965.1502552,-45593519765.015465,53702641780.12264,8529550262.760274,342188712.6245383,0.0,0.0,1413648539.1981297,-18570469047.416283,25344182058.353886
2063,156645966692.1586,913136010.7786566,17954942593.723904,137761781960.87854,3967.726082096659,-48788434.66541176,64890593.71683036,22935691072.403152,913136010.7786566,0.0,0.0,2994085523.661128,-110752717895.69733,129781187433.66068,16964801108.943298,973259778.4255885,0.0,0.0,1988080162.0372643,-44623281436.80652,58626742605.286964,102628311086.58177,454012311.7083633,11780005529.090553,90383722739.59671,0.0,-32003372.776700824,42573878.96285607,14146598152.363197,454012311.7083633,0.0,0.0,1205776167.0952404,-72660948252.15253,85147757925.71213,11774076836.41002,483908003.70660985,0.0,0.0,1412001459.913421,-29217955056.65824,39096122429.448235,64320785493.04319,320340951.7028441,7378818348.657433,56615004986.5376,0.0,-20046431.53014504,26667637.67545496,8620496944.925713,320340951.7028441,0.0,0.0,477890457.91857785,-45513009815.60562,53335275350.90991,8235638198.059293,341439194.6201794,0.0,0.0,1405107151.16098,-17704881960.62131,24193973812.899445
2064,157293902969.18683,920620607.9576515,17949885229.014877,138325275236.80878,82561668.8357069,-49595792.090752184,65156018.66059988,22557288807.637527,920620607.9576515,0.0,0.0,3097802109.9867635,-111773171231.50662,130312037321.19974,16506096409.385143,981236648.1345826,0.0,0.0,2008887192.6638904,-43723244329.482666,57239216898.069336,102226941621.31067,453653362.1403809,11681600926.770199,90020668254.1964,60899966.606957905,-32283756.068413828,42402867.66513727,13768975442.71495,453653362.1403809,0.0,0.0,1246781462.8526614,-72737194712.55263,84805735330.27454,11357441203.45546,483525121.19405997,0.0,0.0,1406539478.7429748,-28326556362.121296,37793932965.63972,63884995562.96169,319637949.6335667,7296086420.795315,56225048206.80927,37902797.83369571,-20163766.571004365,26483954.460848596,8368489779.478326,319637949.6335667,0.0,0.0,509725384.34415936,-45428782476.196594,52967908921.6972,7948056588.9682255,340689676.61582047,0.0,0.0,1397612628.9775207,-16834011284.070126,23043765567.44501
2065,157811657391.00937,928233712.8190109,17947917067.909298,138917629317.13275,2682932.5046508615,-50240677.40400897,65435038.04765836,24507332351.13922,928233712.8190109,0.0,0.0,5536571081.491333,-112827548538.48787,130870076095.31673,16361651864.08323,989350479.7215433,0.0,0.0,2343078494.842814,-42821212402.736015,55850435292.25489,101706952568.47723,453295410.57442933,11583909614.000568,89659945257.8345,0.0,-32430668.512149584,42232954.5798965,15447817916.142075,453295410.57442933,0.0,0.0,3346809133.5095854,-72818195787.73495,84465909159.79301,11138964472.833715,483143301.93782616,0.0,0.0,1595017199.7763226,-27430764045.971363,36491568017.09093,63373927770.50276,318934947.5642894,7213797092.121769,55835091427.08093,0.0,-20195967.51046422,26300271.246242233,9939425885.298836,318934947.5642894,0.0,0.0,2366927820.2517204,-45346979375.00164,52600542492.48447,7664315112.524617,339940158.6114615,0.0,0.0,1388737332.4348948,-15957919700.51231,21893557321.99057
2066,158443748769.19464,936109333.2786677,17950706236.883465,139539363696.3295,2713116.22347875,-50871510.09845348,65727896.577985,28515914645.40428,936109333.2786677,0.0,0.0,10007003849.018175,-113882991692.86255,131455793155.96999,19730394857.906506,997744137.4990897,0.0,0.0,6167567786.062059,-41895292247.32353,54460375181.66889,101252061037.24742,453002171.81260383,11487985658.817347,89301567739.44527,0.0,-32558679.124188,42064146.29640866,17764875159.097122,453002171.81260383,0.0,0.0,6063397332.459372,-72879816937.99219,84128292592.81734,11216901900.830938,482830477.66365045,0.0,0.0,2059375515.7194963,-26514330623.445652,35189026530.89345,62901919146.1978,318276634.714466,7132606154.669287,55445134647.35261,0.0,-20214878.570190772,26116588.031635877,10842748398.225243,318276634.714466,0.0,0.0,3540204152.7699966,-45248908452.530975,52233176063.27175,7523683705.536476,339238290.34915906,0.0,0.0,1507041138.574121,-15065944799.922935,20743349076.536133
2067,159108261200.02655,944120169.374641,17956635417.99409,140191007219.77872,1978778.990484475,-51515229.467535436,66034843.356158614,27580993883.2155,944120169.374641,0.0,0.0,9526943509.595072,-114959756508.07144,132069686712.31723,20232563894.081192,1006281906.8437939,0.0,0.0,7114956825.951626,-40957688391.939674,53069013553.22545,100800233051.98076,452710109.0820986,11392762210.511168,88945549771.89653,0.0,-32685488.9525118,41896449.443484254,17213236608.315094,452710109.0820986,0.0,0.0,5903391829.444817,-72935764217.18033,83792898886.9685,12203608174.940704,482518906.41595215,0.0,0.0,3424417312.161197,-25589635491.45777,33886307447.82133,62430346146.527275,317618321.8646428,7051848591.770941,55055177867.62426,0.0,-20231539.549597368,25932904.817029513,10624185130.697716,317618321.8646428,0.0,0.0,3585975555.0256147,-45145218380.25157,51865809634.05903,7050875715.149715,338536422.08685684,0.0,0.0,1289807594.3070712,-14170609132.325909,19593140831.081696
2068,159807932728.0697,952268281.2167811,17965723410.71434,140873098252.07706,2660455.423792999,-52173803.33290984,66356131.97064048,27170550805.008133,952268281.2167811,0.0,0.0,9566515971.201214,-116060497388.69083,132712263941.28094,19811188584.190914,1014965983.340581,0.0,0.0,7129397814.8694725,-40009502193.622284,51676326979.60314,100351480622.0635,452419221.35689265,11298237141.18623,88591905512.49332,0.0,-32811123.66263863,41729870.68970667,16744185015.023773,452419221.35689265,0.0,0.0,5818740013.828009,-72986715599.57446,83459741379.41335,13209961934.130196,482208587.0976933,0.0,0.0,4800474880.046582,-24656131235.307465,32583409702.29339,61959208771.49123,316960009.01481944,6971524403.426735,54665221087.895935,0.0,-20245950.448684,25749221.60242315,10199956480.819107,316960009.01481944,0.0,0.0,3420294694.2059636,-45035741427.24797,51498443204.8463,6914517789.333084,337834553.8245545,0.0,0.0,1403239453.958119,-13269488804.076845,18442932585.62726
2069,159944157944.335,1242985550.851346,17879096436.377304,140807353155.69147,953642.0305778706,-52556004.357844494,66325163.74216879,26204118665.557007,1242985550.851346,0.0,0.0,8852433526.676271,-116541627896.3082,132650327484.3376,18713262183.19197,1324570773.8714564,0.0,0.0,6265386778.43955,-38128294318.992065,49251598949.873024,99805559645.55884,518170727.54307723,11185673311.272923,88093101227.42049,0.0,-32880537.18959641,41494916.51195027,16163100150.528017,518170727.54307723,0.0,0.0,5566047098.829206,-72910950699.74481,82989833023.90054,12621693326.52617,552111600.4585029,0.0,0.0,4527265047.206684,-23454111930.208786,30996428609.06977,61574502725.04983,93416209.69242649,6926432007.90337,54549320281.1624,0.0,-20360401.997218758,25694628.28884846,10000673169.629234,93416209.69242649,0.0,0.0,3665906933.374885,-45147906551.134995,51389256577.696915,7378690003.007926,99485580.9994875,0.0,0.0,2301811990.738121,-13108116467.45456,18085508898.724876
2070,159833879438.57913,1250826699.0946167,17796531516.06848,140773161543.46637,0.0,-52949378.35321589,66309058.30286741,23669551203.12062,1250826699.0946167,0.0,0.0,6843388085.011517,-117042780186.72035,132618116605.73483,15546635778.821348,1332928001.2479775,0.0,0.0,3617820436.962803,-36229610507.04477,46825497847.65534,99196724591.6898,517744735.21136,11073967518.296204,87596699220.44446,0.0,-32947976.152997293,41261093.89078202,15047215513.991539,517744735.21136,0.0,0.0,4837096864.222417,-72829813867.00627,82522187781.56403,11150337790.796959,551657601.8733343,0.0,0.0,3430297238.1081457,-22240883752.19351,29409266703.008987,61384783382.03821,165425454.05063483,6870168116.5685005,54344032444.25712,0.0,-20440563.411243215,25597930.573197465,9560681866.414299,165425454.05063483,0.0,0.0,3382064751.056677,-45182669485.087944,51195861146.39493,8168609816.957778,176216464.70216185,0.0,0.0,3223403063.877402,-12691522593.527023,17460512881.905235
