Year,"breakthrough AC technology with high growth, no ReFuelEU, no H2 AC - CO2 emissions, total [kg]","breakthrough AC technology with high growth, no ReFuelEU, no H2 AC - CO2 emissions, contribution aircraft system [kg]","breakthrough AC technology with high growth, no ReFuelEU, no H2 AC - CO2 emissions, contribution fossil kerosene well-to-tank [kg]","breakthrough AC technology with high growth, no ReFuelEU, no H2 AC - CO2 emissions, contribution fossil kerosene tank-to-wake [kg]","breakthrough AC technology with high growth, no ReFuelEU, no H2 AC - CO2 emissions, contribution AAF well-to-tank infrastructure [kg]","breakthrough AC technology with high growth, no ReFuelEU, no H2 AC - CO2 emissions, contribution AAF well-to-tank operations [kg]","breakthrough AC technology with high growth, no ReFuelEU, no H2 AC - CO2 emissions, contribution AAF tank-to-wake [kg]","breakthrough AC technology with high growth, ReFuelEU extended, no H2 AC - CO2 emissions, total [kg]","breakthrough AC technology with high growth, ReFuelEU extended, no H2 AC - CO2 emissions, contribution aircraft system [kg]","breakthrough AC technology with high growth, ReFuelEU extended, no H2 AC - CO2 emissions, contribution fossil kerosene well-to-tank [kg]","breakthrough AC technology with high growth, ReFuelEU extended, no H2 AC - CO2 emissions, contribution fossil kerosene tank-to-wake [kg]","breakthrough AC technology with high growth, ReFuelEU extended, no H2 AC - CO2 emissions, contribution AAF well-to-tank infrastructure [kg]","breakthrough AC technology with high growth, ReFuelEU extended, no H2 AC - CO2 emissions, contribution AAF well-to-tank operations [kg]","breakthrough AC technology with high growth, ReFuelEU extended, no H2 AC - CO2 emissions, contribution AAF tank-to-wake [kg]","breakthrough AC technology with high growth, ReFuelEU extended, with H2 AC - CO2 emissions, total [kg]","breakthrough AC technology with high growth, ReFuelEU extended, with H2 AC - CO2 emissions, contribution aircraft system [kg]","breakthrough AC technology with high growth, ReFuelEU extended, with H2 AC - CO2 emissions, contribution fossil kerosene well-to-tank [kg]","breakthrough AC technology with high growth, ReFuelEU extended, with H2 AC - CO2 emissions, contribution fossil kerosene tank-to-wake [kg]","breakthrough AC technology with high growth, ReFuelEU extended, with H2 AC - CO2 emissions, contribution AAF well-to-tank infrastructure [kg]","breakthrough AC technology with high growth, ReFuelEU extended, with H2 AC - CO2 emissions, contribution AAF well-to-tank operations [kg]","breakthrough AC technology with high growth, ReFuelEU extended, with H2 AC - CO2 emissions, contribution AAF tank-to-wake [kg]","optimistic AC technology with low growth, no ReFuelEU, no H2 AC - CO2 emissions, total [kg]","optimistic AC technology with low growth, no ReFuelEU, no H2 AC - CO2 emissions, contribution aircraft system [kg]","optimistic AC technology with low growth, no ReFuelEU, no H2 AC - CO2 emissions, contribution fossil kerosene well-to-tank [kg]","optimistic AC technology with low growth, no ReFuelEU, no H2 AC - CO2 emissions, contribution fossil kerosene tank-to-wake [kg]","optimistic AC technology with low growth, no ReFuelEU, no H2 AC - CO2 emissions, contribution AAF well-to-tank infrastructure [kg]","optimistic AC technology with low growth, no ReFuelEU, no H2 AC - CO2 emissions, contribution AAF well-to-tank operations [kg]","optimistic AC technology with low growth, no ReFuelEU, no H2 AC - CO2 emissions, contribution AAF tank-to-wake [kg]","optimistic AC technology with low growth, ReFuelEU extended, no H2 AC - CO2 emissions, total [kg]","optimistic AC technology with low growth, ReFuelEU extended, no H2 AC - CO2 emissions, contribution aircraft system [kg]","optimistic AC technology with low growth, ReFuelEU extended, no H2 AC - CO2 emissions, contribution fossil kerosene well-to-tank [kg]","optimistic AC technology with low growth, ReFuelEU extended, no H2 AC - CO2 emissions, contribution fossil kerosene tank-to-wake [kg]","optimistic AC technology with low growth, ReFuelEU extended, no H2 AC - CO2 emissions, contribution AAF well-to-tank infrastructure [kg]","optimistic AC technology with low growth, ReFuelEU extended, no H2 AC - CO2 emissions, contribution AAF well-to-tank operations [kg]","optimistic AC technology with low growth, ReFuelEU extended, no H2 AC - CO2 emissions, contribution AAF tank-to-wake [kg]","optimistic AC technology with low growth, ReFuelEU extended, with H2 AC - CO2 emissions, total [kg]","optimistic AC technology with low growth, ReFuelEU extended, with H2 AC - CO2 emissions, contribution aircraft system [kg]","optimistic AC technology with low growth, ReFuelEU extended, with H2 AC - CO2 emissions, contribution fossil kerosene well-to-tank [kg]","optimistic AC technology with low growth, ReFuelEU extended, with H2 AC - CO2 emissions, contribution fossil kerosene tank-to-wake [kg]","optimistic AC technology with low growth, ReFuelEU extended, with H2 AC - CO2 emissions, contribution AAF well-to-tank infrastructure [kg]","optimistic AC technology with low growth, ReFuelEU extended, with H2 AC - CO2 emissions, contribution AAF well-to-tank operations [kg]","optimistic AC technology with low growth, ReFuelEU extended, with H2 AC - CO2 emissions, contribution AAF tank-to-wake [kg]","business-as-usual AC technology with degrowth, no ReFuelEU, no H2 AC - CO2 emissions, total [kg]","business-as-usual AC technology with degrowth, no ReFuelEU, no H2 AC - CO2 emissions, contribution aircraft system [kg]","business-as-usual AC technology with degrowth, no ReFuelEU, no H2 AC - CO2 emissions, contribution fossil kerosene well-to-tank [kg]","business-as-usual AC technology with degrowth, no ReFuelEU, no H2 AC - CO2 emissions, contribution fossil kerosene tank-to-wake [kg]","business-as-usual AC technology with degrowth, no ReFuelEU, no H2 AC - CO2 emissions, contribution AAF well-to-tank infrastructure [kg]","business-as-usual AC technology with degrowth, no ReFuelEU, no H2 AC - CO2 emissions, contribution AAF well-to-tank operations [kg]","business-as-usual AC technology with degrowth, no ReFuelEU, no H2 AC - CO2 emissions, contribution AAF tank-to-wake [kg]","business-as-usual AC technology with degrowth, ReFuelEU extended, no H2 AC - CO2 emissions, total [kg]","business-as-usual AC technology with degrowth, ReFuelEU extended, no H2 AC - CO2 emissions, contribution aircraft system [kg]","business-as-usual AC technology with degrowth, ReFuelEU extended, no H2 AC - CO2 emissions, contribution fossil kerosene well-to-tank [kg]","business-as-usual AC technology with degrowth, ReFuelEU extended, no H2 AC - CO2 emissions, contribution fossil kerosene tank-to-wake [kg]","business-as-usual AC technology with degrowth, ReFuelEU extended, no H2 AC - CO2 emissions, contribution AAF well-to-tank infrastructure [kg]","business-as-usual AC technology with degrowth, ReFuelEU extended, no H2 AC - CO2 emissions, contribution AAF well-to-tank operations [kg]","business-as-usual AC technology with degrowth, ReFuelEU extended, no H2 AC - CO2 emissions, contribution AAF tank-to-wake [kg]","business-as-usual AC technology with degrowth, ReFuelEU extended, with H2 AC - CO2 emissions, total [kg]","business-as-usual AC technology with degrowth, ReFuelEU extended, with H2 AC - CO2 emissions, contribution aircraft system [kg]","business-as-usual AC technology with degrowth, ReFuelEU extended, with H2 AC - CO2 emissions, contribution fossil kerosene well-to-tank [kg]","business-as-usual AC technology with degrowth, ReFuelEU extended, with H2 AC - CO2 emissions, contribution fossil kerosene tank-to-wake [kg]","business-as-usual AC technology with degrowth, ReFuelEU extended, with H2 AC - CO2 emissions, contribution AAF well-to-tank infrastructure [kg]","business-as-usual AC technology with degrowth, ReFuelEU extended, with H2 AC - CO2 emissions, contribution AAF well-to-tank operations [kg]","business-as-usual AC technology with degrowth, ReFuelEU extended, with H2 AC - CO2 emissions, contribution AAF tank-to-wake [kg]"
2024,139046332628.47028,609295000.7981129,18534486441.036682,119531294789.15166,157158092.18355012,157794905.50239953,56303399.79786406,138928750079.26242,609295000.7981129,18534486441.036682,119531294789.15166,110626975.17962858,86743473.29849753,56303399.79786406,138928750079.26242,609295000.7981129,18534486441.036682,119531294789.15166,110626975.17962858,86743473.29849753,56303399.79786406,139046332628.47028,609295000.7981129,18534486441.036682,119531294789.15166,157158092.18355012,157794905.50239953,56303399.79786406,138928750079.26242,609295000.7981129,18534486441.036682,119531294789.15166,110626975.17962858,86743473.29849753,56303399.79786406,138928750079.26242,609295000.7981129,18534486441.036682,119531294789.15166,110626975.17962858,86743473.29849753,56303399.79786406,139046332628.47028,609295000.7981129,18534486441.036682,119531294789.15166,157158092.18355012,157794905.50239953,56303399.79786406,138928750079.26242,609295000.7981129,18534486441.036682,119531294789.15166,110626975.17962858,86743473.29849753,56303399.79786406,138928750079.26242,609295000.7981129,18534486441.036682,119531294789.15166,110626975.17962858,86743473.29849753,56303399.79786406
2025,148844396950.3492,1626712993.7180557,19570883639.36686,127446480601.37393,10157703.025855603,130130285.08320221,60031727.781310104,155276337714.1438,1626712993.7180557,19189060496.827934,124960031004.84889,4497091316.614,2602172790.882466,2401269111.252404,155276337714.1438,1626712993.7180557,19189060496.827934,124960031004.84889,4497091316.614,2602172790.882466,2401269111.252404,138987616958.5986,709864197.9429402,18383635581.483727,119715067479.40027,235838.8616632929,122423897.77933358,56389963.130665295,145032050245.97214,709864197.9429402,18024975357.53282,117379455857.74112,4217729480.1902514,2444426827.3383822,2255598525.2266116,145032050245.97214,709864197.9429402,18024975357.53282,117379455857.74112,4217729480.1902514,2444426827.3383822,2255598525.2266116,133265074319.32904,177066051.58690935,17693703318.476116,115222197336.49106,0.0,117833947.8433697,54273664.93158428,139078901374.60803,177066051.58690935,17348503503.85852,112974240510.01624,4055387042.3803654,2352757669.5026226,2170946597.263371,139078901374.60803,177066051.58690935,17348503503.85852,112974240510.01624,4055387042.3803654,2352757669.5026226,2170946597.263371
2026,153994891712.05713,1232163252.6552868,20192170820.450466,132388045982.06789,6271381.812143839,113880898.0183731,62359377.05296969,158163633460.6631,1232163252.6552868,19636608341.648674,128745553471.30563,2068593947.0354943,2988589333.0516615,3492125114.966302,158163633460.6631,1232163252.6552868,19636608341.648674,128745553471.30563,2068593947.0354943,2988589333.0516615,3492125114.966302,139787981282.92014,754738898.6989952,18377993376.763893,120493564255.9545,987996.747825971,103940092.54905777,56756662.20582381,143454526804.4126,754738898.6989952,17872345735.082047,117178333623.59958,1749860530.8839471,2720874932.6219153,3178373083.526133,143454526804.4126,754738898.6989952,17872345735.082047,117178333623.59958,1749860530.8839471,2720874932.6219153,3178373083.526133,128149093379.78491,171289136.2666967,16916755908.485437,110913099883.83044,0.0,95704521.13702002,52243930.06530451,131346436721.4315,171289136.2666967,16451312399.24747,107861463818.99269,1431165749.085873,2505545534.181699,2925660083.6570516,131346436721.4315,171289136.2666967,16451312399.24747,107861463818.99269,1431165749.085873,2505545534.181699,2925660083.6570516
2027,157985749530.47507,1058487408.1557434,20623007766.928288,136140163190.1505,4708525.661079339,95255884.73953405,64126754.83991469,161879598896.49933,1058487408.1557434,19890524749.693714,131304769700.1552,2109200222.115724,2899490467.9050903,4617126348.473858,161879598896.49933,1058487408.1557434,19890524749.693714,131304769700.1552,2109200222.115724,2899490467.9050903,4617126348.473858,139011455572.73483,597326513.3528388,18190551558.424126,120082612859.89743,0.0,84401551.26413338,56563089.796267755,142267895914.48047,597326513.3528388,17544463934.288002,115817547570.72647,1676426836.2909517,2559588594.490941,4072542465.331278,142267895914.48047,597326513.3528388,17544463934.288002,115817547570.72647,1676426836.2909517,2559588594.490941,4072542465.331278,123043443590.64842,165512220.9464867,16148762559.164574,106604002431.16985,0.0,74952184.16848989,50214195.19902472,125741660859.9202,165512220.9464867,15575194704.38684,102817667177.23633,1293195116.9635112,2274669586.0572176,3615422054.3297796,125741660859.9202,165512220.9464867,15575194704.38684,102817667177.23633,1293195116.9635112,2274669586.0572176,3615422054.3297796
2028,162854606663.15475,1084775298.4507828,21135521095.3533,140487004484.53876,5393075.34388253,75738441.09883356,66174268.36921697,166065639237.65384,1084775298.4507828,20215666000.15783,134372762668.55334,2235566272.959942,2333533381.0408773,5823335616.491093,166065639237.65384,1084775298.4507828,20215666000.15783,134372762668.55334,2235566272.959942,2333533381.0408773,5823335616.491093,139121667121.6655,639877862.8012685,18093436743.0174,120266385550.14601,0.0,65317312.571745336,56649653.129068986,141656065257.21405,639877862.8012685,17305978515.58242,115032180676.27773,1691446266.8338711,2001412460.360692,4985169475.358069,141656065257.21405,639877862.8012685,17305978515.58242,115032180676.27773,1691446266.8338711,2001412460.360692,4985169475.358069,117948124951.91954,159735305.62627274,15389723270.513515,102294904978.50923,0.0,55576936.9377793,48184460.33274494,119827685520.9256,159735305.62627274,14719935414.318079,97842850584.74721,1158012309.4054902,1706919397.5469952,4240232509.281555,119827685520.9256,159735305.62627274,14719935414.318079,97842850584.74721,1158012309.4054902,1706919397.5469952,4240232509.281555
2029,166154396692.78452,922716210.489376,21461291598.16647,143644397606.31573,3872474.319917684,54457293.07917887,67661510.41380468,168008717974.4058,922716210.489376,20355482176.149883,136243010436.00531,2222965496.8644104,1227746571.8611565,7036797083.0356865,168008717974.4058,922716210.489376,20355482176.149883,136243010436.00531,2222965496.8644104,1227746571.8611565,7036797083.0356865,138420237154.16257,555315659.206982,17907084890.67204,119855434154.08894,0.0,45946369.47511041,56456080.719512925,139744192085.50415,555315659.206982,16984408680.697441,113679791473.81323,1623563619.8197858,1029680257.1373587,5871432394.829345,139744192085.50415,555315659.206982,16984408680.697441,113679791473.81323,1623563619.8197858,1029680257.1373587,5871432394.829345,112863137463.59831,153958390.3060628,14639638042.532274,97985807525.84863,0.0,37578779.444888264,46154725.46646516,113650502953.645,153958390.3060628,13885319524.082636,92937014041.52527,1025617326.4118154,848502222.8068314,4800091448.512376,113650502953.645,153958390.3060628,13885319524.082636,92937014041.52527,1025617326.4118154,848502222.8068314,4800091448.512376
2030,170318221722.64722,946680749.4767907,21868738482.926834,147396514814.39835,4548572.977300982,32310214.66715307,69428888.20074968,170387596978.20898,946680749.4767907,20566897622.7626,138622034943.00595,2343947538.500214,-423430459.6265278,8331466584.089961,170387596978.20898,946680749.4767907,20566897622.7626,138622034943.00595,2343947538.500214,-423430459.6265278,8331466584.089961,137041064664.51685,475400158.2279458,17633349705.885002,118849758671.72621,0.0,26573756.110073105,55982372.56759957,136750045781.49844,475400158.2279458,16583640543.803806,111774660481.66345,1532468181.6949687,-334008292.0036669,6717884708.111948,136750045781.49844,475400158.2279458,16583640543.803806,111774660481.66345,1532468181.6949687,-334008292.0036669,6717884708.111948,107788481125.68472,148181474.98585066,13898506875.220844,93676710073.18802,0.0,20957711.689816795,44124990.60018538,107255523089.01357,148181474.98585066,13071132028.721954,88100157547.57053,896010167.982485,-254957002.26949024,5294998872.022246,107255523089.01357,148181474.98585066,13071132028.721954,88100157547.57053,896010167.982485,-254957002.26949024,5294998872.022246
2031,173746338526.27933,866549161.8579303,22228038327.80703,150553907936.1753,3801779.1432989896,23125191.050459117,70916130.24533737,176631949325.10257,866549161.8579303,20282112010.965492,137373850963.2735,7461028297.675572,-1832830031.8493156,12481238923.179377,176631949325.10257,866549161.8579303,20282112010.965492,137373850963.2735,7461028297.675572,-1832830031.8493156,12481238923.179377,136521407038.07387,521553991.5551105,17486509541.415524,118438807275.66913,0.0,18747429.276053816,55788800.15804351,138509058792.9882,521553991.5551105,15955674539.040478,108070227349.08478,5575301471.0433035,-1432527385.5511417,9818828827.815657,138509058792.9882,521553991.5551105,15955674539.040478,108070227349.08478,5575301471.0433035,-1432527385.5511417,9818828827.815657,102762925578.42732,144672903.9970331,13194388281.410954,89367612620.52744,0.0,14156516.757982828,42095255.73390561,103867654886.29466,144672903.9970331,12039301763.528557,81544034727.28467,3800417872.410056,-1069537390.0930289,7408765009.167387,103867654886.29466,144672903.9970331,12039301763.528557,81544034727.28467,3800417872.410056,-1069537390.0930289,7408765009.167387
2032,175990197507.12436,751323630.2026345,22436319574.192368,152714543489.30396,2583920.528086431,13493028.111597687,71933864.78573427,175853305348.5252,751323630.2026345,19843628317.744923,135067190039.56448,7511979958.289974,-4009473227.567138,16688656630.29035,175853305348.5252,751323630.2026345,19843628317.744923,135067190039.56448,7511979958.289974,-4009473227.567138,16688656630.29035,136176862082.61797,526521658.8937378,17367875731.951168,118215788690.88463,0.0,10992250.245348558,55683750.643072344,135802177348.28761,526521658.8937378,15360882588.339,104555034720.10207,5534426819.925821,-3093318588.1657944,12918630149.192783,135802177348.28761,526521658.8937378,15360882588.339,104555034720.10207,5534426819.925821,-3093318588.1657944,12918630149.192783,97744181167.18652,141164333.00821316,12496517916.423672,85058515167.86682,0.0,7918229.020204566,40065520.86762583,96875473966.32753,141164333.00821316,11052448062.149601,75229342079.43399,3368067814.9803905,-2210749164.533865,9295200841.289192,96875473966.32753,141164333.00821316,11052448062.149601,75229342079.43399,3368067814.9803905,-2210749164.533865,9295200841.289192
2033,178414588277.4025,738871008.3325903,22651651425.8359,154944837885.21338,2648981.4380511725,3594565.517197445,72984411.06536195,174548797931.79565,738871008.3325903,19399513377.204132,132699130795.14021,7678127432.789345,-6986355068.494881,21019510386.824238,174548797931.79565,738871008.3325903,19399513377.204132,132699130795.14021,7678127432.789345,-6986355068.494881,21019510386.824238,135821285832.87721,513823269.14918596,17250366227.04973,117998248704.38318,0.0,3266350.556555465,55581281.73855977,132519179099.3446,513823269.14918596,14773700340.524828,101057029405.65482,5476065469.256486,-5308848525.945927,16007409140.705214,132519179099.3446,513823269.14918596,14773700340.524828,101057029405.65482,5476065469.256486,-5308848525.945927,16007409140.705214,92732247891.96245,137655762.01939538,11804895780.258995,80749417715.20622,0.0,2242848.476482071,38035786.001346044,89685315541.43695,137655762.01939538,10110045810.807102,69156079604.01852,2941411642.5169773,-3614183646.312725,10954306368.38766,89685315541.43695,137655762.01939538,10110045810.807102,69156079604.01852,2941411642.5169773,-3614183646.312725,10954306368.38766
2034,180916855071.49762,726225137.7455076,22874105300.783344,157246323618.44482,2714710.3271034663,-6582186.745702684,74068490.94248356,172477392952.59842,726225137.7455076,18949233805.951584,130265088500.3225,7851324164.703803,-10794039540.339333,25479560884.21434,172477392952.59842,726225137.7455076,18949233805.951584,130265088500.3225,7851324164.703803,-10794039540.339333,25479560884.21434,135472352742.8946,501102320.2133553,17133974689.364052,117786225666.35275,0.0,-4431344.544326708,55481411.50877902,128702784744.63197,501102320.2133553,14194028056.82185,97575782743.11165,5418754325.082584,-8072488259.617471,19085605559.019978,128702784744.63197,501102320.2133553,14194028056.82185,97575782743.11165,5418754325.082584,-8072488259.617471,19085605559.019978,87727125752.75502,134147191.03057632,11119521872.916931,76440320262.54562,0.0,-2869624.8731847033,36006051.13506627,82360311004.57425,134147191.03057632,9211569895.72308,63324247301.0383,2520449355.0198054,-5216184328.700308,12386081590.462795,82360311004.57425,134147191.03057632,9211569895.72308,63324247301.0383,2520449355.0198054,-5216184328.700308,12386081590.462795
2035,180662933456.3919,686306569.3555162,22749088926.854584,157170242541.6946,0.0,-16737235.620365664,74032654.10754529,166307891163.70453,686306569.3555162,18208375329.14824,125799093580.14578,7224711517.594265,-15223657475.557392,29613061643.018116,164482849460.72916,711657664.0688527,18196176801.63668,125714815676.36652,5853179528.276398,-13701498965.0989,27708518755.479607,133817825270.07672,469853316.0668708,16855163240.177933,116449942371.60005,0.0,-11985633.339480609,54851975.571350396,122831889232.0321,469853316.0668708,13490876030.157425,93206557175.86798,4990415333.251481,-11266602851.851803,21940790228.540154,121597600048.23788,487133223.58641124,13518671237.842552,93398590340.24721,3840288756.695483,-9900237644.984602,20253154134.850838,82502952288.9571,125751364.19976085,10412464964.012087,71938249883.8802,0.0,-7399342.439715415,33885419.30475563,74700225662.0245,125751364.19976085,8334139040.730035,57579389601.90512,2041631493.4450378,-6934853560.157692,13554167721.902252,74356308412.68817,130200273.68589938,8344781585.018618,57652917437.34836,1703567971.4023275,-6527382217.745389,13052223362.978365
2036,180549052538.7903,684338334.0770555,22664460618.1555,157146212213.88443,0.0,-19979962.31349644,74021334.98683837,162179627966.1542,684338334.0770555,17505716455.443768,121377564611.42448,7206042990.993334,-18347763179.78275,33753728753.998302,159905361053.19913,709618187.0500647,17482149692.758778,121214162201.2598,5819508102.902473,-15241668581.167896,29921591450.395916,132225797735.26086,464756421.67182535,16602946256.85598,115118120824.17621,0.0,-14250408.715325452,54224641.27219227,118352420369.96431,464756421.67182535,12823886453.519577,88915647099.81393,4847886989.269963,-13426193014.430656,24726436420.119675,117070821748.68773,481848424.8783497,12877366876.53283,89286458743.89944,3724804819.445103,-10661776219.226713,21362119103.158722,80873136277.61452,398056378.16466403,10140503886.834064,70310156619.37393,0.0,-8699137.47408937,33118530.71594377,72157962690.34282,398056378.16466403,7832385193.232513,54306594207.2603,2693794499.4458594,-8174917594.230884,15102050006.47036,71233810532.33446,412661246.0253281,7876616547.135076,54613276543.274574,1785023236.3887076,-6396762697.83502,12942995657.34581
2037,180496041043.69586,682355930.1128823,22587501847.63315,157175377751.49088,0.0,-23229558.511109844,74035072.97007592,157878018491.72757,682355930.1128823,16813508128.703415,116996979536.87764,7194882286.770282,-21715664751.415527,37905957360.67887,155199818684.99927,707564013.0184873,16779404832.24777,116759671376.85425,5793152850.380273,-16962686577.79058,32122712190.289078,130640333467.42932,459651590.0314803,16352750456.861664,113790792256.31244,0.0,-16460259.099080073,53599423.32277253,113779798330.26895,459651590.0314803,12172532606.208183,84702700789.091,4707031249.410526,-15705022645.731781,27442904741.259537,112476731902.71085,476555392.9581152,12249606034.187822,85239017077.58624,3610840564.434136,-11512155590.047884,22412868423.59242,78968000132.73598,393291816.5452874,9870224300.527344,68682063354.86765,0.0,-9930981.331425883,32351642.12713191,68509143323.38742,393291816.5452874,7347120439.81225,51125017644.843956,2533302579.8437448,-9453629926.749355,16564040769.091537,67740595985.27286,407721172.2376702,7422242460.271296,51647755042.8419,1778502546.3095124,-6279602473.0686865,12763977236.681156
2038,180990157468.02234,676793639.8534856,22579415893.07525,157685734230.01764,508302.18400586816,-26570065.741014734,74275468.63299087,153988732578.18225,676793639.8534856,16174949254.068913,112959465441.41333,7388365957.480601,-25399307898.17291,42188466183.53882,150952677064.5418,701929350.6513304,16131142692.318771,112653537693.48686,5971246524.573008,-18935306234.775845,34430127038.2877,129537840158.72856,450974985.5433238,16164673368.41317,112887702709.27878,0.0,-18684941.223313533,53174036.716615535,109698233144.04227,450974985.5433238,11579695979.773718,80868029154.42082,4761579609.457307,-18164899440.19053,30202852855.037624,108398269394.88458,467690288.68687516,11678287997.84591,81556556919.37953,3692127437.0371904,-12514460456.077772,23518067208.01283,77537604821.23024,384963514.16052115,9661301971.979696,67470722107.41968,0.0,-11163830.571898252,31781058.242242083,65426101090.963326,384963514.16052115,6920952688.281603,48333203630.72785,2566471188.2337723,-10831131012.033916,18051641081.5935,64641004576.60402,399217357.6846227,7024293722.629206,49054896652.122116,1771981856.2303107,-6236054184.874349,12626669172.812117
2039,182200285737.26425,687617079.3969398,22658172948.232986,158808457450.69485,1293287.540068143,-30059338.94374892,74804310.34316929,150531235762.39844,687617079.3969398,15596621299.03381,109314876164.16013,7711522305.74705,-29457290740.077126,46677889654.13765,147134184134.32986,713383655.9135071,15543645013.71337,108943571638.74986,6239117614.449838,-21169676682.518944,36864142894.02224,129106463422.9387,458694185.4971172,16059136829.946695,112556592880.64374,0.0,-20978545.612832412,53018072.463977545,106163805166.54726,458694185.4971172,11054213245.626135,77477674739.2525,4947730341.498059,-20857784562.848557,33083277217.521988,104842663267.06691,475924602.3508539,11173274968.747833,78312164291.14961,3858589718.7096205,-13660916382.257372,24683626068.366367,76787112402.8966,393039144.0760561,9536292987.397484,66838750970.19143,0.0,-12454076.610979918,31483377.842620883,62988228029.61918,393039144.0760561,6564251701.180058,46008064699.84162,2738005004.9810963,-12360760294.255077,19645627773.795433,62157793439.25481,407821391.99966747,6694665248.557781,46922117846.89134,1853734224.4586692,-6250624470.235932,12530079197.583273
2040,183460405964.65158,685490101.486841,22743842939.751083,159987965270.73242,1352964.591445847,-33605211.48607732,75359899.57587549,146584766282.37888,685490101.486841,15018445563.017221,105644879518.44263,7810100070.899496,-33818880683.062653,51244731711.59534,142914755249.98856,711174093.0202106,14957163073.391201,105213797539.55434,6321839019.560828,-23639669249.663525,39350450774.12551,128667745605.75697,453475085.5730017,15954594488.84974,112230071046.14867,0.0,-23259284.130691007,52864269.31625177,102242521549.14818,453475085.5730017,10535300012.647148,74108901341.12866,4898670192.687848,-23701528217.939697,35947703135.05121,100970011154.70656,470507617.2795469,10672703636.822723,75075445399.26817,3837143194.2961874,-14930501359.75732,25844712666.79723,76024368983.92708,388184698.695243,9411936701.11047,66206779832.963165,0.0,-13717946.284797654,31185697.442999683,60239267722.486374,388184698.695243,6214985715.590704,43718333856.68402,2668978933.11939,-13957489742.842783,21206274261.239788,59533278650.165726,402782658.842159,6369720713.10194,44806792718.8725,1846887499.8755112,-6309959805.3838,12417054864.85742
2041,184810244990.55273,689399295.8646098,22852975398.36144,161225506951.3163,1390808.952821245,-34970288.719067335,75942824.7766051,141898253487.9391,689399295.8646098,14724678495.79266,103881167060.17778,4736504208.343234,-36204786813.18201,54071291240.942825,137927516708.31528,715228148.305993,14654599763.594196,103386768456.5713,3268339920.8069715,-24176937145.20916,40079517564.24596,128251608038.15135,452210013.89018434,15862469213.124702,111908169321.75256,0.0,-23953153.01726722,52712642.40117263,97858209867.42502,452210013.89018434,10220540443.474043,72104913499.95862,2653824683.2230244,-25104680162.75576,37531401389.63491,96787027433.8439,469194466.6004867,10377206884.300749,73210179921.69357,1815336636.7064493,-14802103757.968027,25717213282.510674,75273305730.2712,386713717.1533081,9294928068.226818,65574808695.7349,0.0,-14032767.88722758,30888017.043378495,57251135171.37937,386713717.1533081,5988928140.008073,42251302451.278915,1317100613.5201735,-14685177885.466583,21992268134.88549,57875743487.574745,401255920.2626826,6168738952.608584,43519850152.90224,1809022119.3659053,-5547150354.189487,11524026696.62483
2042,186226840769.54364,693401322.167893,22969464857.57209,162522359237.3784,1427364.565848957,-36365699.47723207,76553687.33665456,140246376495.9079,693401322.167893,14432039950.53054,102115099150.64896,4734440989.668913,-38684548295.57938,56955943378.47098,135981060184.71529,719378497.0677032,14353637745.216301,101560357825.32451,3276353076.6909904,-24771806255.980362,40843139296.39614,127841052409.86737,450944625.71643263,15771268202.722233,111590920048.22607,0.0,-24643673.749723345,52563206.95236859,95635028228.65466,450944625.71643263,9909311086.85299,70114154867.71983,2585996943.1646094,-26532405267.361416,39107025972.56223,94578432514.79132,467880987.62906384,10084009141.612278,71350245485.8389,1779128069.9602602,-14690317365.815857,25587486195.566666,74522774722.93187,385242735.61137336,9178443089.620474,64942837558.50667,0.0,-14338997.45038721,30590336.643757306,55559961732.09302,385242735.61137336,5766945733.1482315,40804504238.86161,1258745603.1484816,-15414687041.63212,22759210462.955437,56223412400.53825,399729181.6832063,5970233128.827396,42242881116.767365,1771156738.8563085,-4782195232.561399,10621607466.965378
2043,187711608896.97656,697497660.9962746,23093421472.751595,163879826962.23932,1462572.792319931,-37792873.6808894,77193101.87792896,138555955050.95093,697497660.9962746,14140244063.355652,100344626414.0975,4733449583.177062,-41261709727.94842,59901847057.272865,134012851329.14267,723626675.1140579,14053992817.226593,99732554300.5051,3285860814.3477607,-25427166148.549324,41643982870.49849,127436109993.30193,449678906.5312979,15680990264.337652,111278355792.7253,0.0,-25330948.60241136,52415978.31010362,93397123526.52402,449678906.5312979,9601566825.187237,68136421956.125946,2519082831.829217,-27984426161.790085,40674799168.6404,92358554578.939,466567165.30338573,9793073546.568607,69495427523.97197,1742855265.307091,-14595121908.837158,25455752986.62509,73772775961.90913,383771754.0694385,9062481765.291435,64310866421.27839,0.0,-14636634.97427655,30292656.24413611,53874164066.320526,383771754.0694385,5549013347.031875,39377939219.4321,1201703687.100468,-16145365186.762976,23507101245.44962,54576673886.872215,398202443.10373,5774190845.58729,40975885610.467865,1733291358.346709,-4014693546.5124364,9709797175.879065
2044,189397968847.66168,701689813.1650556,23224957270.19793,165299243665.55264,135881220.041034,-41664817.83901973,77861696.54401526,136918347371.51054,701689813.1650556,13848999032.55424,98567633041.18994,4829602179.582105,-43941827502.545105,62912250807.56433,132114471013.77292,727974239.2233019,13755374950.944601,97901281336.04326,3392950330.67136,-26147903428.9695,42484793585.859886,127158970860.5432,448412841.626543,15591634182.72604,110970509350.3764,124378415.46994779,-28234901.577761784,52270971.92202345,91239127644.07138,448412841.626543,9297262604.206823,66171509327.48808,2549320492.565456,-29462322934.810486,42234945312.99496,90134597608.6059,465252984.36676913,9504363303.755814,67645509412.81797,1714661326.9735355,-14517426727.958054,25322237308.64985,73097722186.00311,382300772.5275036,8947044095.239708,63678895284.05013,75697459.69279036,-16210401.351562709,29994975.844514914,52288775932.8615,382300772.5275036,5335105833.679707,37971607392.99037,1242232765.8354216,-16878411314.53955,24235940482.36805,52943547582.67011,396675704.5242536,5580599706.717181,39718863634.00373,1703569801.3289146,-3244757087.269862,8788595823.365902
2045,190897727462.40164,705979299.8781525,23364186176.144264,166781972224.84424,10243821.445735443,-43214173.20837122,78560113.2976593,138908841850.74124,705979299.8781525,13558006985.656502,96781934857.83861,8662202424.09416,-46789776886.75998,65990495170.0338,133861435859.34425,732422767.3225532,13457488159.589363,96064395289.76578,7236940823.800626,-26998208481.099224,43368397299.96516,126641056708.333,447146416.10423803,15503198720.453571,110667413745.8715,13496.702468680842,-28843874.14270252,52128203.34390742,92499747102.02098,447146416.10423803,8996353434.580362,64219209577.394165,6072161464.884932,-31022814599.824974,43787690808.88223,90597353265.79565,463938429.36576486,9217841686.234293,65800272455.295425,4434047068.892666,-14505911279.056232,25187164905.063736,72273142823.47104,380829790.98556894,8832130079.46529,63046924146.821884,0.0,-16438489.246600792,29697295.444893718,54003440812.013565,380829790.98556894,5125198045.112426,36585508759.53646,4633996018.078706,-17667819975.410324,24945728173.710724,51595007387.655556,395148965.94477737,5389447316.045989,38471815187.37499,1963157106.6071303,-2482564597.74322,7858003409.425878
2046,192583783133.8423,711112080.3112471,23501880656.53576,168329405500.94577,6899750.741497576,-44803862.91678204,79289008.22478734,138477569314.5567,711112080.3112471,12321146037.043259,88248732848.92004,16094919740.547947,-54381477222.26332,75483135829.99754,133177917825.33978,737746341.3288856,12221835974.688034,87537436421.1651,14601504487.752924,-32510302312.658398,50589696913.06322,126247910545.56494,446345039.9927864,15409556406.252289,110369102235.07549,420384.6823440898,-29501208.678376056,51987688.24042528,90358727938.3216,446345039.9927864,8078646880.316358,57862340741.55034,10111528062.749664,-35632411991.172424,49492279204.884865,89261517068.71675,463106571.85209715,8296594072.59229,59423361403.79277,9379007513.82912,-17622533838.85955,29321981345.51003,71521698894.18573,379754065.8251417,8714275277.390648,62414953009.59363,0.0,-16683073.668962024,29399615.04527253,51334550553.48822,379754065.8251417,4568564527.616507,32721796275.164642,5824854230.904894,-20148852069.12241,27988433523.09944,47466631912.11628,394032529.35557145,4829955603.300621,34593978549.26379,1732133415.407248,-3488025578.7179036,9404557393.50696
2047,192005589481.5647,1402771078.0845187,23277992928.639256,167288754813.2931,2947641.9054354457,-45675805.89153493,78798825.5339683,127303580622.67662,1402771078.0845187,10899550465.83609,78330302403.82309,14146325137.110039,-61317318830.31939,83841950368.14227,120280076511.25432,1454518421.3770325,10795887983.064661,77585325475.74991,11358892429.193941,-35480650715.49666,54566102917.36543,125691900709.15767,530988229.92289394,15285933394.017412,109853318174.09354,0.0,-30083824.873451903,51744735.9972821,83586132145.22278,530988229.92289394,7157395526.16323,51437071441.19637,9650961538.613743,-40246683691.78162,55056399101.108154,82278610609.68282,550454108.7472243,7370590154.272052,52969207995.17431,8827656823.597986,-20502362098.694767,33063063626.58602,71007238847.77596,114889369.67415953,8658100265.067072,62221980083.58883,0.0,-17039588.63534758,29308718.081241656,47515817019.051025,114889369.67415953,4054017933.0178986,29134453906.0726,5827614257.325812,-22799634485.480564,31184476038.441124,46582996625.80417,118970872.46059325,4292673823.2209473,30849569415.529026,4782555653.554567,-5776556234.484192,12315783095.523228
2048,191608036603.33023,1175703312.1087394,23188168757.4014,167207773296.53128,4433483.5653161295,-46802926.69775681,78760680.42123845,118136400210.08626,1175703312.1087394,9558304680.389572,68924064630.48613,14587345358.522387,-68731577946.79697,92622560175.3764,111247016500.648,1219071322.6835654,9456098457.413313,68187064863.9369,12243452294.08272,-39487910578.702545,59629240141.23403,124965602936.88223,576042172.3101038,15146768970.166927,109221971714.78712,0.0,-30627270.22464627,51447349.84270226,76772395334.37526,576042172.3101038,6243590611.014281,45021963328.15637,9307213035.129496,-44878497227.252846,60502083415.01785,75292689847.01149,597171311.7202603,6448973136.036152,46502958013.08441,8455832780.27328,-23255061333.601395,36542815939.49877,70757500978.81177,114562998.851292,8602106573.558178,62029007157.584015,0.0,-17393572.29893259,29217821.11721079,43669208884.65944,114562998.851292,3545840828.7203298,25568735316.5829,5574011509.870157,-25494099403.20513,34360157633.83989,43698369450.786285,118632830.98853795,3760481571.190016,27116490164.43456,5617315461.738806,-8130891173.817291,15216340596.251656
2049,191832373089.00024,1087965416.4751282,23157284472.513733,167552696099.8968,3536070.6088819937,-48032121.56001675,78923151.06569645,108804287322.07568,1087965416.4751282,8248117330.880332,59678599111.11884,14639338790.103573,-76502751899.11919,101653018572.61699,101872945080.83525,1128097278.4834867,8151106871.41787,58976687621.79384,12473016940.821484,-44039628343.216774,65183664711.53534,124381465569.25401,482937420.9212848,15042157464.498322,108836337927.59193,0.0,-31232946.665542066,51265702.90802866,70144575021.58124,482937420.9212848,5357686900.81181,38765118861.65356,9184052801.889864,-49675446309.23618,66030225345.54092,68737880804.4403,500630167.9022459,5547809304.398621,40140734441.61387,8566809507.761304,-26496914300.17083,40478811682.935104,70507946961.96506,114236628.0284263,8546294202.863969,61836034231.57919,0.0,-17745024.659717035,29126924.153179925,39792659553.0776,114236628.0284263,3044002737.5883675,22024640506.695545,5325739186.940414,-28231437815.470894,37515478309.29574,39702887745.86241,118294789.51648459,3233362878.5670958,23394740795.98039,5386448515.46391,-10536189129.357721,18106229895.692253
2050,188674742008.9104,1116602011.502407,22702829713.348686,164824807981.93704,1219540.0881248382,-48355458.791503526,77638220.8256262,94878492860.8338,1116602011.502407,6814256042.0256195,49472178483.82302,11693240322.76868,-82911293155.16257,108693509155.87665,86926193179.67073,1189717838.004316,6719158513.0997925,48781760939.284966,8818313917.189175,-46155394011.817665,67572635983.910164,122544409069.43845,517791328.1089731,14770715442.696896,107236867268.87956,0.0,-31477266.80965787,50512296.562675424,61689815791.08965,517791328.1089731,4433431348.483311,32187153757.542637,7760969871.757506,-53926745702.54837,70717215187.74559,59502984227.2979,551597277.8140409,4604656575.367681,33430265981.8433,6622187219.63637,-28276241867.898926,42570519040.53543,70104396847.22685,111752151.03377175,8472261664.58075,61509464664.494125,0.0,-18054731.40354172,28973098.521743074,35697292150.167786,111752151.03377175,2542949974.3614063,18462070434.565525,4961085025.367772,-30942903365.600983,40562337930.4403,35377369865.34458,118989122.59530124,2710540795.0614605,19678796507.49114,4917178476.221345,-12627114763.631895,20578979727.60723
2051,186136286173.46906,1032130580.1798053,22331828722.1065,162743174216.2595,1183530.8151159862,-48688574.76842949,76657698.87655489,86916650992.41412,1032130580.1798053,6032610059.998754,43962638357.568855,10356864224.868341,-86387832589.97177,111920240359.77013,78987637787.58725,1099732779.641119,5936022328.347935,43258755382.51979,7830735983.382365,-45649365974.83534,66511757288.53137,120873201058.9163,472262294.36133236,14525824242.541542,105856926217.53716,0.0,-31673991.82623102,49862296.30250701,56909404987.466225,472262294.36133236,3923934512.742588,28595667912.691376,7302163413.74865,-56183575747.73795,72798952601.66023,54593590096.4502,503094169.1913137,4086921397.899202,29783434636.862556,6219296365.104371,-28217095244.82658,42217938772.21934,69700511810.27522,111508186.55492222,8395595948.142939,61182895097.409065,0.0,-18306694.722013768,28819272.89030622,33593675879.808807,111508186.55492222,2267944878.4378123,16527645499.049974,5103274580.8088045,-32492835684.889782,42076138419.84708,33110272453.6229,118729267.34288594,2425884654.838308,17678631424.3978,4950588369.355168,-13499715576.282839,21436154313.971565
2052,183455657367.36264,1082476870.5633087,21929532657.926086,160416842339.2574,157759.33305697856,-48914175.31820124,75561915.60101679,79707705174.66953,1082476870.5633087,5265720698.251386,38519301812.327934,9661081414.112265,-89674987334.13089,114854111713.54552,71443480608.8512,1153372158.5083234,5169652629.448376,37816553765.32661,7095440428.082129,-44716455807.64024,64924917435.12601,119453243519.02531,426930759.7856817,14312376520.519207,104696542493.91335,0.0,-31921970.37767835,49315715.18477235,52552839022.716736,426930759.7856817,3436688709.279249,25139740068.57349,7117025465.686356,-58527433061.462006,74959887080.85397,50232660249.02176,454801536.3638106,3588605907.157189,26251030380.17067,6203121057.043043,-28462950306.40203,42198051674.68908,69296968722.35457,111264222.07607108,8319268467.685257,60856325530.324005,0.0,-18554944.989640303,28665447.25886937,30811238192.386406,111264222.07607108,1997623243.8663948,14612824539.547533,4560440146.3640585,-34042393792.949093,43571479833.48144,30283364327.088455,118469412.0904682,2144280918.1533914,15685640881.825397,4427855988.644889,-14379456236.869547,22286573363.243862
2053,181088246854.24017,1043434049.6373525,21577472303.656006,158441695043.73645,235272.24146170242,-49221367.51640429,74631552.48535278,73275711948.2644,1043434049.6373525,4533535951.743632,33289400659.5144,9594648254.104431,-93103159893.59282,117917852926.85742,64938735431.53657,1111783504.1712847,4440920106.15732,32609329733.870445,7191621892.750195,-44015204035.100296,63600284229.68763,117883630535.71976,471127152.5050941,14071320051.462288,103324604897.24954,0.0,-32091050.327451084,48669484.8302954,47856350303.587944,471127152.5050941,2956455438.5263433,21709021539.191994,6542162946.06339,-60720202804.5656,76897786031.86673,45299730031.34206,501884915.2826974,3096199180.5795355,22735148930.346664,5575084643.91865,-28333313235.54211,41724725596.75662,68893767583.46489,111020257.59722102,8243279223.207713,60529755963.23894,0.0,-18799482.206421297,28511621.627432514,28061185612.313805,111020257.59722102,1731954614.1807098,12717607556.058203,4044554710.5437455,-35592313697.409454,45048362171.343376,27477429205.695156,118209556.83805251,1865718438.7396245,13699824879.773941,3930787811.253682,-15267348356.334229,23130236875.424084
2054,179322479038.4881,974600450.8693782,21302534187.564022,157019933166.71124,1130872.579370216,-49681492.39679854,73961853.16083099,67285739549.14148,974600450.8693782,3836374340.9319887,28277726833.424725,9724321069.038656,-96824722328.88611,121297439183.76285,59009336024.734535,1038458320.0650059,3750194557.9945116,27642499886.338596,7541847515.710582,-43812139681.916695,62848475426.54253,116212258635.01802,484644573.2620919,13822991462.106777,101888591114.71867,262679.00790150673,-32224266.43971399,47993072.36228273,43303104611.115425,484644573.2620919,2489383154.756597,18349120961.129917,6105412110.801941,-62834094862.978806,78708638674.14368,40578726790.67253,516285308.02204055,2615153247.878289,19276166140.00201,5162737577.602361,-28051955193.674,41060339710.841835,68491065083.28849,110776293.11836907,8167628214.710303,60203186396.15387,156689.68230328604,-19040306.372356772,28357795.995995667,25343133402.9062,110776293.11836907,1470908532.9143114,10841994548.581984,3555929375.163698,-37143260780.30505,46506785433.43289,24691826128.881565,117949701.58563474,1590186070.3299189,11721183418.243425,3459694938.9973917,-16164332850.78707,23967144850.512264
2055,177660691269.88376,985977248.0252044,21031959122.75544,155619558648.41904,16235.446575753183,-50122212.78909788,73302228.02659959,60406901073.42715,985977248.0252044,3156372054.4405346,23354611102.81425,8829883207.385597,-100533730184.45776,124613787645.21933,50919984355.501144,1050583003.7491488,3078856352.7357664,22781057340.313496,5541453657.002766,-43492491804.608795,61960525806.30876,114530530203.74304,484458635.5593775,13576432146.496956,100454663606.3102,0.0,-32341827.225479133,47317642.60198866,38618463429.719086,484458635.5593775,2037483563.7564206,15075737409.651348,5482955500.563303,-64902164103.19209,80439992423.38074,34776077449.27333,516087232.2681785,2147252310.7769659,15887937731.315409,3609576746.811815,-27711363285.894417,40326586713.995384,68088391152.77846,110532328.63951886,8092315442.193031,59876616829.06881,0.0,-19277417.48744671,28203970.36455881,22621940700.16972,110532328.63951886,1214454543.6007543,8985985517.118874,3059553588.3887634,-38695334897.32817,47946749619.749985,21606257041.152847,117689846.33321814,1317672666.6571844,9749716497.233837,2692071776.303396,-17068191033.883175,24797297288.50839
2056,176010456376.58493,997543381.3372434,20749588783.810776,154241042010.75192,8573.812869713238,-50379271.84272811,72652898.71484497,54316353687.64002,997543381.3372434,2491196252.183382,18518184133.35689,8472169500.546493,-104031841317.91116,127869101738.12718,44766114120.3274,1062909526.2360408,2424646030.85791,18023486354.512436,5230773221.950287,-42912751619.775055,60937050606.545784,112842648288.85498,484251634.0827014,13321247838.262934,99022836975.94305,0.0,-32331361.862085648,46643202.42836723,34396086367.606636,484251634.0827014,1599349415.2991998,11888684779.502905,5126318243.818744,-66794553979.02325,82092036273.92633,30429113237.00705,515866755.06431645,1691036220.6718102,12570234112.680157,3342791578.773266,-27214479005.323654,39523663575.14115,67680028026.63571,110283032.15163286,8011090800.699629,59550047261.98375,0.0,-19443212.932418633,28050144.73312196,20798992121.450073,110283032.15163286,961811801.9849467,7149580461.668877,3387287107.4764576,-40178225012.126495,49368254730.294655,19187297009.51008,117424323.60991053,1047349958.3772575,7785424116.745185,2535040600.1613283,-17918636178.796074,25620694189.41247
2057,177169063043.57217,1012102138.6240631,20800035572.027733,155335188483.80838,11245.972580286652,-51442676.64296205,73168279.78236029,51087461760.32944,1012102138.6240631,1872939671.318152,13987160543.814638,10292501117.634258,-109243510914.9574,133166269203.89572,42556970446.02237,1078580815.6889064,1820875889.7133503,13598346914.109232,7972552655.144009,-45767668993.48848,63854283164.855354,112442107461.60548,485928921.0932314,13219417443.614616,98722941753.59608,0.0,-32682598.04007107,46501941.34162794,31549903932.417557,485928921.0932314,1190342741.2959614,8889509512.579924,5784407574.734234,-69433818059.04865,84633533241.76285,28040951129.4532,517759978.4276401,1259095132.880419,9402954101.100077,4606226960.217176,-28892586463.943314,41147501420.7712,67491413088.89483,110532339.95816067,7956112832.780605,59416450620.903496,0.0,-19669920.813144475,27987216.065715976,18638120064.47469,110532339.95816067,716408359.1298182,5350155633.698155,3320452500.2388806,-41796162008.15341,50936733239.60308,17192180187.42665,117716433.36555141,781653856.3232267,5837410646.756282,2741033488.5567603,-19328901711.356964,27043267473.781796
2058,178375003906.8743,1024178763.2393389,20855135464.49138,156474472627.28308,44123.50092455984,-52531993.90394507,73704922.26353288,45801092836.481064,1024178763.2393389,1251934094.91694,9393164940.10703,10166706746.134329,-114600145563.3584,138565253855.4418,37431800116.62849,1091452525.9760625,1215778780.4098248,9121894404.377026,7889392520.034323,-48706366215.19603,66819648101.02727,112043763580.79584,485728410.9594144,13118395519.769024,98426309633.2773,0.0,-33032200.49941015,46362217.28950705,27865247370.408524,485728410.9594144,787497479.9261036,5908532844.418841,5611653003.659372,-72089132872.82848,87160968504.27327,24256367120.55148,517546333.97931284,833324076.3381413,6252366262.239887,4480440271.217842,-30582721642.44143,42755411819.21773,67211940833.25722,356730565.24139005,7861675656.573264,58985546002.496445,0.0,-19795636.04790393,27784244.994017012,16358333448.758093,356730565.24139005,471936507.64821947,3540903211.75566,2961399657.2717595,-43207017081.910934,52234380588.75199,14663268459.671837,380059677.98002607,518110090.3410436,3887340040.8749623,2241563644.906112,-19941617078.792793,27577812084.362484
2059,179633421344.94177,1036505421.2661506,20914935857.377827,157659887469.92523,1480934.3143440918,-53651631.85121665,74263293.90946323,40468917479.33563,1036505421.2661506,627761956.6996852,4732162705.450486,10109992529.088684,-120108295317.52802,144070790184.35864,32238974161.691914,1104590724.5675113,608955105.5514174,4590393873.075435,7831872398.100278,-51733496133.78532,69836658194.18259,111649516364.98764,485530088.8793637,13018178999.923622,98132963456.70093,0.0,-33380221.54753467,46224041.031246915,24255422472.785316,485530088.8793637,390740740.3678929,2945461634.5182896,5520334152.799564,-74761283744.39879,89674639600.619,20510325345.993496,517335021.0303089,413649937.5549818,3118154559.5730257,4398845254.688166,-32285350306.0265,44347690879.173515,66686004850.914116,355924392.9102682,7767775230.295052,58554641384.08937,0.0,-19917430.30289132,27581273.92231805,14185363860.830605,355924392.9102682,233149831.82476413,1757518000.522944,2943456349.8239164,-44612356123.5483,53507671409.29701,12313186956.08498,379200553.74871594,257561462.49798888,1941536491.9562008,2192232377.8004727,-20565682770.12923,28108338840.21083
2060,180952080294.31805,1045124003.5879136,20981049219.95308,158904298180.5355,1561505.8391461943,-54802070.259960555,74849454.66239259,34869485580.40088,1045124003.5879136,0.0,0.0,9907773259.852549,-125782321007.82478,149698909324.7852,26841622213.43541,1113838945.3108478,0.0,0.0,7668474627.280991,-54875015853.70148,72934324494.54504,111266155959.24849,481371080.4954238,12920016511.44743,97852406460.20828,0.0,-33729981.824520215,46091888.92189782,20494443703.537544,481371080.4954238,0.0,0.0,5285984833.645411,-77456690054.39893,92183777843.79562,16659033383.515148,512964494.6792343,0.0,0.0,4218267449.1023207,-34024551524.47464,45952352964.20822,66162684068.003075,351155345.26618093,7675115652.051264,58129069397.720825,0.0,-20037141.741096646,27380814.705896564,11875302120.559845,351155345.26618093,0.0,0.0,2777273167.939821,-46014755804.439285,54761629411.79313,9911740741.59157,374179883.60352594,0.0,0.0,2101739070.29594,-21226249457.24953,28662071244.941628
2061,182317635876.46512,1068668695.0290531,21057316215.556477,160170343905.5549,1604717.632117611,-55743463.56745587,75445806.26005483,28553832947.985397,1068668695.0290531,0.0,0.0,4044007182.0832477,-127450455449.23654,150891612520.10965,21062541312.47322,1139037517.9201314,0.0,0.0,2374094370.4895244,-54143731123.79108,71693140547.85464,110883038570.15958,491829034.2315051,12825247067.259724,97553943361.45761,0.0,-33932195.20450263,45951302.41521344,16180644248.801613,491829034.2315051,0.0,0.0,1410123537.914369,-77623913153.77113,91902604830.42686,13539825907.593788,524214831.1556427,0.0,0.0,1539462451.1315305,-33128067294.16652,44604215919.47314,65644255966.998985,360989335.8951717,7584607743.395151,57691550918.10127,0.0,-20066758.668005362,27174728.275389582,9260421892.839462,360989335.8951717,0.0,0.0,455662929.8851801,-45905686923.720055,54349456550.77917,9106655679.812197,384765238.27257293,0.0,0.0,1594410940.965722,-20244096517.825718,27371576018.39962
2062,183727102418.83768,1081858041.0096827,21138592174.733772,161485632428.8617,1664073.937564118,-56709652.634509,76065352.92946817,28173876688.708084,1081858041.0096827,0.0,0.0,4126800228.935498,-129165487440.17342,152130705858.93634,20597632063.764572,1153094788.302035,0.0,0.0,2400286454.0074277,-53407505116.60138,70451755938.05649,110493436485.97264,491666607.4144395,12731255606.04153,97258835695.42873,0.0,-34133719.34617311,45812296.43411746,15724638346.373032,491666607.4144395,0.0,0.0,1398070440.7574022,-77789691570.03374,91624592868.23492,13090337382.75005,524041388.1005258,0.0,0.0,1534356032.8939686,-32223922846.296772,43255862808.05233,65115704448.70515,360200591.05854154,7494596416.2427635,57254032438.481705,0.0,-20093638.922752887,26968641.844882604,8938258021.371353,360200591.05854154,0.0,0.0,432933926.06040215,-45792160185.5128,53937283689.76521,8794334976.571056,383924304.11073315,0.0,0.0,1585216291.7009974,-19255886411.09828,26081080791.85761
2063,185192235026.59436,1095319906.1764522,21224934457.394608,162851247092.0182,1726434.8137570044,-57701468.77086231,76708604.96221119,27796610899.82483,1095319906.1764522,0.0,0.0,4213045306.159624,-130928964236.93364,153417209924.42236,20138451460.48584,1167442511.9005148,0.0,0.0,2427494989.2891183,-52666652291.2661,69210166250.5623,110107993252.51213,491506537.90443,12638039476.462786,96967106950.1507,0.0,-34334594.04806295,45674882.04228901,15273345317.603554,491506537.90443,0.0,0.0,1386273745.4420872,-77954199050.32098,91349764084.57803,12648152572.82508,523870456.8908521,0.0,0.0,1529198186.961838,-31312208188.5066,41907292117.47899,64587652248.58719,359411846.2219114,7405081670.594101,56816513958.86215,0.0,-20117782.505339243,26762555.414375626,8620674009.171112,359411846.2219114,0.0,0.0,410411144.55801016,-45674259810.36007,53525110828.75125,8488022409.997044,383083369.94889313,0.0,0.0,1576042939.7507863,-18261689465.01824,24790585565.315605
2064,186793433651.38867,1109059515.9775827,21316401057.047264,164268295070.10104,81190850.83998321,-58888926.453517735,77376083.87627709,27478932261.093872,1109059515.9775827,0.0,0.0,4360412981.816212,-132742707989.25412,154752167752.55417,19692217335.40539,1182086257.9260879,0.0,0.0,2463435045.3376427,-51921670941.521034,67968366973.6627,109791559083.4282,491348828.01418746,12545595995.211407,96678780778.06874,64965599.913737476,-34671188.16072033,45539070.38085297,14884301805.201553,491348828.01418746,0.0,0.0,1432656533.3727152,-78117844317.89127,91078140761.70592,12213224055.230534,523702039.9853891,0.0,0.0,1524033397.2617683,-30393013706.715683,40558502324.69906,64097995411.30453,358623101.38528126,7316063506.449163,56378995479.24258,37975831.315824494,-20218976.07218914,26556468.983868644,8365232150.420205,358623101.38528126,0.0,0.0,445974312.55434424,-45552303231.2567,53112937967.737274,8187647652.139184,382242435.78705364,0.0,0.0,1566890885.115104,-17261576007.536568,23500090338.773594
2065,188299252420.0923,1123082193.8817723,21413050600.914833,165737907896.03876,7081514.903796008,-59938108.30992221,78068322.66305503,29436420656.05548,1123082193.8817723,0.0,0.0,6792639364.58253,-134615946228.5189,156136645326.11008,19736620242.569115,1197031700.0552192,0.0,0.0,2991828076.0970984,-51178593029.97398,66726353496.39077,109349535741.79579,491193479.9733047,12453922446.67545,96393880997.1953,0.0,-34866054.71718127,45404872.66892206,16625931551.532791,491193479.9733047,0.0,0.0,3612890715.2076054,-78287897981.49222,90809745337.8441,12000510527.491844,523536139.7542576,0.0,0.0,1737370949.9462085,-29469888458.20571,39209491895.99709,63532969214.57033,357834356.54865116,7227541923.807952,55941476999.623024,0.0,-20234447.962662436,26350382.55336166,10154840722.496658,357834356.54865116,0.0,0.0,2529417451.011136,-45433176191.78645,52700765106.72333,7893497140.876291,381401501.6252137,0.0,0.0,1558116893.623774,-16255616366.604279,22209595112.231583
2066,189938689785.4481,1137554021.064721,21516920676.442345,167261241996.48404,5164957.754019882,-60977732.33676939,78785866.03974466,34257013572.706036,1137554021.064721,0.0,0.0,12059490024.925982,-136511762552.77397,157571732079.48932,26029925789.203606,1212455890.871537,0.0,0.0,9747197089.616116,-50413848297.622406,65484121106.33835,108977950362.26738,491109592.2641803,12364152877.89331,96112431592.26874,25868.433626158243,-35041868.79662038,45272300.20414283,19123583800.969177,491109592.2641803,0.0,0.0,6526583412.872524,-78438709612.45319,90544600408.28566,12078438714.683586,523446427.2921842,0.0,0.0,2219735425.535081,-28525002425.065315,37860259286.92163,63007135652.79635,357095751.52332133,7140173410.457907,55503958520.00346,0.0,-20236325.311193902,26144296.122854684,10859065733.4478,357095751.52332133,0.0,0.0,3510078359.5129676,-45296700623.297844,52288592245.70936,7617907124.646289,380614028.8821324,0.0,0.0,1549986040.1660798,-15231792830.091496,20919099885.68957
2067,191638119842.8656,1152324727.3115582,21626130184.75779,168839479239.47607,2698558.8477753047,-62042138.2349381,79529270.70732401,32689601822.767536,1152324727.3115582,0.0,0.0,10932594663.468616,-138453858982.66064,159058541414.64798,23345531078.472397,1228198629.8684223,0.0,0.0,7511307043.625095,-49635639582.44539,64241664987.42427,108610550545.75153,491028336.00043565,12275141136.774271,95834456715.92076,0.0,-35217007.307181984,45141364.363245346,18515833756.64612,491028336.00043565,0.0,0.0,6327045097.312897,-78584968403.15791,90282728726.49069,13382919386.410902,523359518.876777,0.0,0.0,3920617708.168653,-27571860782.84459,36510802942.21006,62481790847.30938,356357146.4979919,7053291128.879917,55066440040.383896,0.0,-20235678.144774534,25938209.6923477,10661369836.435478,356357146.4979919,0.0,0.0,3582890954.1818075,-45154297648.93973,51876419384.695404,7092480441.494968,379826556.13905156,0.0,0.0,1288363107.0117795,-14204313880.803421,19628604659.14756
2068,193402863228.21204,1167400101.451924,21740741642.846542,170473827494.15082,3731281.3109006225,-63136397.162368044,80299105.61419266,32751286624.584446,1167400101.451924,0.0,0.0,11433918369.29172,-140448243074.54453,160598211228.3853,23729873291.17532,1244266086.7206714,0.0,0.0,8338494813.50258,-48851867826.66148,62998980217.61355,108247435177.69215,490949715.94115716,12186884533.021626,95559980689.85141,0.0,-35391837.724631764,45012076.60259679,17986941926.35299,490949715.94115716,0.0,0.0,6199278559.685098,-78727439554.46683,90024153205.19356,14076705741.74772,523275419.574436,0.0,0.0,5001783540.292852,-26609474513.832508,35161121295.71294,61956934798.10941,355618541.4726619,6966895079.073982,54628921560.76433,0.0,-20232506.4634043,25732123.261840723,10294143672.366035,355618541.4726619,0.0,0.0,3480096140.043409,-45005817532.83148,51464246523.68145,6919651817.346384,379039083.3959701,0.0,0.0,1373926631.4506242,-13171423330.105762,18338109432.605553
2069,193877216655.6214,1826141722.039872,21636138155.587902,170396046413.2096,2227809.392294047,-63599912.626367964,80262468.01811647,31557749492.843903,1826141722.039872,0.0,0.0,10238182166.910496,-141031510432.33942,160524936036.23297,22382089426.41079,1946039926.9250522,0.0,0.0,6984411606.515648,-46002677869.15338,59454315762.12347,107767475904.03058,570992662.6318818,12076708378.80255,95110474273.88364,0.0,-35499754.724370666,44800343.436863236,17536188457.893127,570992662.6318818,0.0,0.0,6083516056.67468,-78719007135.13992,89600686873.72649,13768426621.005547,608401441.8892868,0.0,0.0,5016554382.674734,-25329496422.46032,33472967218.901844,61527921131.16806,107691350.10848545,6919575915.140084,54495324919.68407,0.0,-20340248.359006263,25669194.594434734,9969735018.948814,107691350.10848545,0.0,0.0,3626831163.1238523,-45103176683.153,51338389188.86948,6028534032.419828,114689920.23718527,0.0,0.0,945537188.8847884,-12958129096.773464,17926436020.07132
2070,194227358176.56372,1624326581.2242305,21614215178.621994,170971596472.50043,994366.9528165442,-64307994.862220526,80533572.12645146,29353905924.412888,1624326581.2242305,0.0,0.0,8813423685.119555,-142150988594.8338,161067144252.9029,19581305136.361526,1730995616.6085606,0.0,0.0,4993376461.634162,-43816711814.767044,56673644872.88585,107147773879.2124,613988308.6426898,11955450722.387753,94569360009.73318,0.0,-35570621.33772367,44545459.78648087,16177641379.744576,613988308.6426898,0.0,0.0,5099801215.152628,-78627067717.01245,89090919572.96172,11915289297.974419,654216238.3310982,0.0,0.0,3528755313.221326,-23888734547.569073,31621052293.99107,61346759761.230545,107467213.59882174,6872405222.4926815,54361728278.60383,0.0,-20447219.39181385,25606265.92702875,9558736252.689186,107467213.59882174,0.0,0.0,3436089450.296578,-45197352265.26372,51212531854.0575,7398120063.596436,114451146.5398606,0.0,0.0,2510975973.512488,-12742069663.993,17514762607.537086
